id_viaje,id_pasajero,id_unidad,costo_aplicado,fecha_hora,id_escuela
100821,1004,BUS-IPN-02,10.00,2026-03-19 07:03:33,NINGUNA
100437,1002,BUS-TEC-02,6.00,2026-03-19 07:22:46,TEC DE MONTERREY
100581,1003,BUS-IPN-02,5.50,2026-03-19 07:28:28,IPN
100353,1002,BUS-TEC-02,6.00,2026-03-19 07:33:01,TEC DE MONTERREY
101452,1004,BUS-TEC-01,10.00,2026-03-19 07:45:36,NINGUNA
100189,1002,BUS-TEC-02,6.00,2026-03-19 07:51:29,TEC DE MONTERREY
101159,1002,BUS-TEC-02,6.00,2026-03-19 08:09:21,TEC DE MONTERREY
100241,1001,BUS-BUAP-02,5.00,2026-03-19 08:19:00,BUAP
101314,1001,BUS-BUAP-02,5.00,2026-03-19 08:27:06,BUAP
100990,1002,BUS-TEC-01,6.00,2026-03-19 08:39:32,TEC DE MONTERREY
100358,1003,BUS-IPN-02,5.50,2026-03-19 08:45:29,IPN
101323,1001,BUS-BUAP-02,5.00,2026-03-19 08:55:51,BUAP
100573,1001,BUS-BUAP-02,5.00,2026-03-19 13:07:08,BUAP
101416,1003,BUS-IPN-01,5.50,2026-03-19 13:08:28,IPN
100340,1003,BUS-IPN-02,5.50,2026-03-19 13:29:22,IPN
100991,1002,BUS-TEC-01,6.00,2026-03-19 13:40:45,TEC DE MONTERREY
100595,1002,BUS-TEC-01,6.00,2026-03-19 13:45:10,TEC DE MONTERREY
101061,1002,BUS-TEC-01,6.00,2026-03-19 13:57:35,TEC DE MONTERREY
100398,1004,BUS-BUAP-01,10.00,2026-03-19 14:01:28,NINGUNA
100461,1004,BUS-IPN-01,10.00,2026-03-19 14:08:51,NINGUNA
101309,1003,BUS-IPN-01,5.50,2026-03-19 14:19:24,IPN
101411,1002,BUS-TEC-02,6.00,2026-03-19 14:29:53,TEC DE MONTERREY
101149,1001,BUS-BUAP-02,5.00,2026-03-19 14:34:55,BUAP
100805,1001,BUS-BUAP-02,5.00,2026-03-19 14:39:59,BUAP
100357,1001,BUS-BUAP-02,5.00,2026-03-19 14:45:43,BUAP
100304,1002,BUS-TEC-01,6.00,2026-03-19 19:15:32,TEC DE MONTERREY
100124,1004,BUS-TEC-02,10.00,2026-03-19 19:35:32,NINGUNA
100263,1002,BUS-TEC-02,6.00,2026-03-19 19:39:35,TEC DE MONTERREY
100602,1002,BUS-TEC-01,6.00,2026-03-20 07:12:50,TEC DE MONTERREY
101487,1002,BUS-TEC-01,6.00,2026-03-20 07:13:14,TEC DE MONTERREY
101209,1003,BUS-IPN-01,5.50,2026-03-20 07:20:25,IPN
100795,1003,BUS-IPN-01,5.50,2026-03-20 07:23:27,IPN
100728,1001,BUS-BUAP-01,5.00,2026-03-20 07:33:46,BUAP
100035,1004,BUS-TEC-01,10.00,2026-03-20 07:40:58,NINGUNA
100802,1003,BUS-IPN-01,5.50,2026-03-20 07:44:50,IPN
101464,1002,BUS-TEC-02,6.00,2026-03-20 07:48:50,TEC DE MONTERREY
101009,1003,BUS-IPN-01,5.50,2026-03-20 07:53:14,IPN
100867,1003,BUS-IPN-02,5.50,2026-03-20 07:54:09,IPN
100095,1001,BUS-BUAP-02,5.00,2026-03-20 07:54:47,BUAP
101227,1001,BUS-BUAP-01,5.00,2026-03-20 08:02:59,BUAP
101039,1003,BUS-IPN-01,5.50,2026-03-20 08:15:17,IPN
100546,1002,BUS-TEC-02,6.00,2026-03-20 08:37:42,TEC DE MONTERREY
100593,1003,BUS-IPN-02,5.50,2026-03-20 08:41:42,IPN
100578,1004,BUS-IPN-01,10.00,2026-03-20 08:50:12,NINGUNA
100811,1004,BUS-TEC-01,10.00,2026-03-20 08:58:42,NINGUNA
100362,1004,BUS-TEC-01,10.00,2026-03-20 13:01:07,NINGUNA
101485,1004,BUS-TEC-02,10.00,2026-03-20 13:25:50,NINGUNA
100826,1003,BUS-IPN-01,5.50,2026-03-20 13:32:48,IPN
101055,1002,BUS-TEC-01,6.00,2026-03-20 13:34:00,TEC DE MONTERREY
100028,1002,BUS-TEC-02,6.00,2026-03-20 13:37:32,TEC DE MONTERREY
101051,1004,BUS-IPN-01,10.00,2026-03-20 13:43:24,NINGUNA
101461,1002,BUS-TEC-01,6.00,2026-03-20 13:49:27,TEC DE MONTERREY
101220,1001,BUS-BUAP-02,5.00,2026-03-20 13:55:34,BUAP
100364,1002,BUS-TEC-01,6.00,2026-03-20 14:03:06,TEC DE MONTERREY
101070,1002,BUS-TEC-01,6.00,2026-03-20 14:12:45,TEC DE MONTERREY
100452,1002,BUS-TEC-01,6.00,2026-03-20 14:16:56,TEC DE MONTERREY
100052,1001,BUS-BUAP-02,5.00,2026-03-20 14:17:31,BUAP
100689,1004,BUS-IPN-02,10.00,2026-03-20 16:53:04,NINGUNA
101343,1002,BUS-TEC-02,6.00,2026-03-20 18:07:08,TEC DE MONTERREY
100970,1001,BUS-BUAP-02,5.00,2026-03-20 18:31:42,BUAP
100033,1002,BUS-TEC-02,6.00,2026-03-20 19:05:34,TEC DE MONTERREY
100190,1002,BUS-TEC-02,6.00,2026-03-20 19:11:33,TEC DE MONTERREY
100693,1004,BUS-TEC-01,10.00,2026-03-20 19:55:18,NINGUNA
101071,1003,BUS-IPN-02,5.50,2026-03-20 21:08:40,IPN
101319,1004,BUS-BUAP-02,10.00,2026-03-21 07:03:35,NINGUNA
100899,1002,BUS-TEC-02,6.00,2026-03-21 07:32:15,TEC DE MONTERREY
100103,1001,BUS-BUAP-02,5.00,2026-03-21 07:50:31,BUAP
101182,1001,BUS-BUAP-02,5.00,2026-03-21 08:41:31,BUAP
100791,1001,BUS-BUAP-01,5.00,2026-03-21 08:41:40,BUAP
101014,1002,BUS-TEC-02,6.00,2026-03-21 13:07:50,TEC DE MONTERREY
100935,1004,BUS-BUAP-02,10.00,2026-03-21 13:30:05,NINGUNA
100656,1003,BUS-IPN-02,5.50,2026-03-21 13:57:57,IPN
101145,1004,BUS-TEC-02,10.00,2026-03-21 14:33:31,NINGUNA
100309,1001,BUS-BUAP-01,5.00,2026-03-21 14:43:44,BUAP
100624,1003,BUS-IPN-02,5.50,2026-03-21 14:56:30,IPN
101251,1002,BUS-TEC-01,6.00,2026-03-21 18:06:10,TEC DE MONTERREY
100174,1004,BUS-TEC-02,10.00,2026-03-21 18:17:30,NINGUNA
101352,1002,BUS-TEC-01,6.00,2026-03-21 19:01:19,TEC DE MONTERREY
100615,1001,BUS-BUAP-01,5.00,2026-03-21 19:52:26,BUAP
100768,1003,BUS-IPN-01,5.50,2026-03-21 19:58:36,IPN
100416,1003,BUS-IPN-01,5.50,2026-03-22 08:00:51,IPN
100170,1001,BUS-BUAP-01,5.00,2026-03-22 08:02:32,BUAP
101231,1001,BUS-BUAP-01,5.00,2026-03-22 08:06:21,BUAP
100352,1002,BUS-TEC-01,6.00,2026-03-22 08:06:26,TEC DE MONTERREY
101081,1001,BUS-BUAP-01,5.00,2026-03-22 08:06:32,BUAP
101117,1003,BUS-IPN-02,5.50,2026-03-22 08:10:01,IPN
101075,1004,BUS-IPN-01,10.00,2026-03-22 08:22:35,NINGUNA
100115,1003,BUS-IPN-01,5.50,2026-03-22 08:38:55,IPN
101312,1003,BUS-IPN-02,5.50,2026-03-22 08:41:52,IPN
100349,1002,BUS-TEC-02,6.00,2026-03-22 08:59:58,TEC DE MONTERREY
101141,1003,BUS-IPN-01,5.50,2026-03-22 11:21:21,IPN
101394,1002,BUS-TEC-01,6.00,2026-03-22 13:03:36,TEC DE MONTERREY
100252,1004,BUS-BUAP-01,10.00,2026-03-22 13:13:17,NINGUNA
100529,1002,BUS-TEC-02,6.00,2026-03-22 13:18:11,TEC DE MONTERREY
101398,1002,BUS-TEC-02,6.00,2026-03-22 13:28:01,TEC DE MONTERREY
100125,1003,BUS-IPN-01,5.50,2026-03-22 13:51:01,IPN
100504,1002,BUS-TEC-02,6.00,2026-03-22 13:57:01,TEC DE MONTERREY
100204,1002,BUS-TEC-01,6.00,2026-03-22 14:05:17,TEC DE MONTERREY
100731,1004,BUS-IPN-02,10.00,2026-03-22 14:45:45,NINGUNA
100256,1003,BUS-IPN-01,5.50,2026-03-22 14:52:52,IPN
101361,1004,BUS-BUAP-02,10.00,2026-03-22 15:23:09,NINGUNA
100750,1002,BUS-TEC-01,6.00,2026-03-22 15:51:58,TEC DE MONTERREY
101473,1003,BUS-IPN-02,5.50,2026-03-22 18:28:58,IPN
100396,1001,BUS-BUAP-02,5.00,2026-03-22 18:52:41,BUAP
100130,1002,BUS-TEC-02,6.00,2026-03-22 19:19:29,TEC DE MONTERREY
100470,1002,BUS-TEC-01,6.00,2026-03-22 19:32:55,TEC DE MONTERREY
100217,1002,BUS-TEC-02,6.00,2026-03-22 19:36:55,TEC DE MONTERREY
100239,1002,BUS-TEC-01,6.00,2026-03-22 20:39:18,TEC DE MONTERREY
100225,1002,BUS-TEC-02,6.00,2026-03-23 06:14:11,TEC DE MONTERREY
100173,1004,BUS-TEC-02,10.00,2026-03-23 07:03:53,NINGUNA
100939,1001,BUS-BUAP-01,5.00,2026-03-23 07:04:32,BUAP
100014,1002,BUS-TEC-02,6.00,2026-03-23 07:09:28,TEC DE MONTERREY
100300,1002,BUS-TEC-01,6.00,2026-03-23 07:19:27,TEC DE MONTERREY
100445,1001,BUS-BUAP-01,5.00,2026-03-23 07:20:23,BUAP
100952,1004,BUS-TEC-01,10.00,2026-03-23 07:21:16,NINGUNA
100751,1001,BUS-BUAP-01,5.00,2026-03-23 07:22:02,BUAP
100016,1004,BUS-BUAP-02,10.00,2026-03-23 07:48:28,NINGUNA
100037,1003,BUS-IPN-01,5.50,2026-03-23 08:01:01,IPN
100238,1001,BUS-BUAP-02,5.00,2026-03-23 08:06:05,BUAP
101163,1003,BUS-IPN-02,5.50,2026-03-23 08:15:27,IPN
101316,1001,BUS-BUAP-02,5.00,2026-03-23 08:23:17,BUAP
100745,1002,BUS-TEC-01,6.00,2026-03-23 08:24:53,TEC DE MONTERREY
100019,1003,BUS-IPN-01,5.50,2026-03-23 08:31:25,IPN
100296,1003,BUS-IPN-01,5.50,2026-03-23 12:15:30,IPN
100757,1002,BUS-TEC-02,6.00,2026-03-23 13:14:22,TEC DE MONTERREY
100815,1001,BUS-BUAP-02,5.00,2026-03-23 13:34:56,BUAP
100730,1003,BUS-IPN-01,5.50,2026-03-23 14:25:46,IPN
100215,1003,BUS-IPN-01,5.50,2026-03-23 14:53:55,IPN
100083,1001,BUS-BUAP-02,5.00,2026-03-23 17:36:56,BUAP
101103,1002,BUS-TEC-02,6.00,2026-03-23 18:03:17,TEC DE MONTERREY
101454,1004,BUS-TEC-01,10.00,2026-03-23 18:05:10,NINGUNA
100431,1002,BUS-TEC-02,6.00,2026-03-23 18:21:26,TEC DE MONTERREY
100015,1002,BUS-TEC-01,6.00,2026-03-23 18:23:48,TEC DE MONTERREY
101195,1003,BUS-IPN-01,5.50,2026-03-23 19:10:11,IPN
100747,1001,BUS-BUAP-02,5.00,2026-03-24 07:26:49,BUAP
101363,1004,BUS-BUAP-01,10.00,2026-03-24 07:30:48,NINGUNA
100796,1002,BUS-TEC-02,6.00,2026-03-24 07:42:02,TEC DE MONTERREY
100494,1003,BUS-IPN-01,5.50,2026-03-24 08:10:58,IPN
101185,1004,BUS-BUAP-01,10.00,2026-03-24 08:18:44,NINGUNA
100754,1002,BUS-TEC-01,6.00,2026-03-24 08:19:59,TEC DE MONTERREY
100403,1003,BUS-IPN-01,5.50,2026-03-24 08:29:40,IPN
101500,1003,BUS-IPN-02,5.50,2026-03-24 08:39:53,IPN
100707,1004,BUS-TEC-02,10.00,2026-03-24 08:41:33,NINGUNA
101024,1003,BUS-IPN-02,5.50,2026-03-24 08:47:47,IPN
101035,1004,BUS-BUAP-02,10.00,2026-03-24 11:50:44,NINGUNA
100209,1004,BUS-TEC-02,10.00,2026-03-24 12:54:05,NINGUNA
100900,1001,BUS-BUAP-01,5.00,2026-03-24 13:14:01,BUAP
101405,1004,BUS-IPN-02,10.00,2026-03-24 13:22:03,NINGUNA
101133,1001,BUS-BUAP-02,5.00,2026-03-24 13:46:14,BUAP
100441,1003,BUS-IPN-02,5.50,2026-03-24 14:18:02,IPN
100673,1003,BUS-IPN-02,5.50,2026-03-24 14:35:24,IPN
100566,1004,BUS-IPN-02,10.00,2026-03-24 14:48:35,NINGUNA
101200,1001,BUS-BUAP-01,5.00,2026-03-24 19:41:23,BUAP
100509,1003,BUS-IPN-02,5.50,2026-03-24 20:39:02,IPN
100577,1003,BUS-IPN-01,5.50,2026-03-25 07:09:06,IPN
101486,1001,BUS-BUAP-02,5.00,2026-03-25 07:10:56,BUAP
100143,1003,BUS-IPN-01,5.50,2026-03-25 07:18:53,IPN
100708,1001,BUS-BUAP-02,5.00,2026-03-25 07:43:55,BUAP
101280,1003,BUS-IPN-02,5.50,2026-03-25 07:56:23,IPN
100667,1002,BUS-TEC-02,6.00,2026-03-25 08:23:29,TEC DE MONTERREY
100961,1001,BUS-BUAP-01,5.00,2026-03-25 08:53:46,BUAP
100882,1004,BUS-BUAP-01,10.00,2026-03-25 12:03:28,NINGUNA
100440,1003,BUS-IPN-02,5.50,2026-03-25 13:12:08,IPN
100610,1002,BUS-TEC-01,6.00,2026-03-25 13:23:12,TEC DE MONTERREY
100572,1004,BUS-TEC-01,10.00,2026-03-25 13:27:03,NINGUNA
101413,1001,BUS-BUAP-02,5.00,2026-03-25 13:42:10,BUAP
100753,1002,BUS-TEC-02,6.00,2026-03-25 13:56:04,TEC DE MONTERREY
100980,1004,BUS-IPN-02,10.00,2026-03-25 13:56:19,NINGUNA
100951,1003,BUS-IPN-01,5.50,2026-03-25 14:20:14,IPN
101291,1002,BUS-TEC-01,6.00,2026-03-25 14:23:07,TEC DE MONTERREY
100569,1003,BUS-IPN-01,5.50,2026-03-25 14:31:28,IPN
100002,1003,BUS-IPN-01,5.50,2026-03-25 14:44:13,IPN
100868,1003,BUS-IPN-01,5.50,2026-03-25 14:47:57,IPN
100177,1001,BUS-BUAP-02,5.00,2026-03-25 17:42:43,BUAP
101130,1001,BUS-BUAP-02,5.00,2026-03-25 19:32:09,BUAP
101210,1001,BUS-BUAP-02,5.00,2026-03-25 19:37:08,BUAP
100505,1001,BUS-BUAP-02,5.00,2026-03-25 19:56:07,BUAP
101091,1001,BUS-BUAP-01,5.00,2026-03-26 07:02:39,BUAP
100983,1004,BUS-TEC-02,10.00,2026-03-26 07:09:07,NINGUNA
100690,1001,BUS-BUAP-02,5.00,2026-03-26 07:14:00,BUAP
100069,1001,BUS-BUAP-02,5.00,2026-03-26 07:18:37,BUAP
100465,1001,BUS-BUAP-01,5.00,2026-03-26 07:54:19,BUAP
100715,1001,BUS-BUAP-02,5.00,2026-03-26 08:04:30,BUAP
101028,1001,BUS-BUAP-01,5.00,2026-03-26 08:12:51,BUAP
101000,1002,BUS-TEC-02,6.00,2026-03-26 08:13:30,TEC DE MONTERREY
100058,1002,BUS-TEC-02,6.00,2026-03-26 08:23:35,TEC DE MONTERREY
100061,1004,BUS-BUAP-01,10.00,2026-03-26 08:24:32,NINGUNA
100348,1002,BUS-TEC-01,6.00,2026-03-26 08:35:13,TEC DE MONTERREY
100040,1002,BUS-TEC-02,6.00,2026-03-26 08:41:14,TEC DE MONTERREY
100032,1004,BUS-BUAP-02,10.00,2026-03-26 08:51:40,NINGUNA
100719,1001,BUS-BUAP-02,5.00,2026-03-26 08:55:57,BUAP
100907,1004,BUS-TEC-01,10.00,2026-03-26 08:58:44,NINGUNA
101113,1004,BUS-IPN-01,10.00,2026-03-26 13:06:44,NINGUNA
100516,1004,BUS-TEC-01,10.00,2026-03-26 13:08:35,NINGUNA
101331,1001,BUS-BUAP-02,5.00,2026-03-26 13:16:40,BUAP
101377,1002,BUS-TEC-02,6.00,2026-03-26 13:43:33,TEC DE MONTERREY
100832,1003,BUS-IPN-01,5.50,2026-03-26 13:53:16,IPN
101172,1003,BUS-IPN-01,5.50,2026-03-26 14:03:24,IPN
100984,1004,BUS-IPN-01,10.00,2026-03-26 14:09:45,NINGUNA
101330,1001,BUS-BUAP-01,5.00,2026-03-26 17:45:19,BUAP
100551,1001,BUS-BUAP-01,5.00,2026-03-26 17:53:24,BUAP
100298,1004,BUS-IPN-01,10.00,2026-03-26 18:32:07,NINGUNA
100196,1003,BUS-IPN-02,5.50,2026-03-26 19:02:32,IPN
101212,1004,BUS-BUAP-01,10.00,2026-03-26 19:38:17,NINGUNA
100320,1003,BUS-IPN-02,5.50,2026-03-27 07:05:00,IPN
101366,1003,BUS-IPN-02,5.50,2026-03-27 07:08:08,IPN
101438,1004,BUS-BUAP-02,10.00,2026-03-27 07:31:08,NINGUNA
101148,1004,BUS-IPN-02,10.00,2026-03-27 07:53:03,NINGUNA
100330,1001,BUS-BUAP-01,5.00,2026-03-27 08:09:44,BUAP
101150,1001,BUS-BUAP-01,5.00,2026-03-27 08:11:08,BUAP
100275,1001,BUS-BUAP-02,5.00,2026-03-27 08:11:37,BUAP
100371,1002,BUS-TEC-01,6.00,2026-03-27 08:16:56,TEC DE MONTERREY
100725,1001,BUS-BUAP-02,5.00,2026-03-27 08:32:51,BUAP
101007,1001,BUS-BUAP-01,5.00,2026-03-27 08:35:01,BUAP
100111,1004,BUS-BUAP-01,10.00,2026-03-27 08:55:43,NINGUNA
100312,1003,BUS-IPN-01,5.50,2026-03-27 13:06:24,IPN
100833,1004,BUS-BUAP-02,10.00,2026-03-27 14:19:27,NINGUNA
100866,1004,BUS-IPN-01,10.00,2026-03-27 14:24:14,NINGUNA
100154,1004,BUS-BUAP-02,10.00,2026-03-27 14:30:48,NINGUNA
101445,1004,BUS-TEC-01,10.00,2026-03-27 14:31:58,NINGUNA
100645,1003,BUS-IPN-01,5.50,2026-03-27 14:54:05,IPN
101284,1001,BUS-BUAP-02,5.00,2026-03-27 14:56:23,BUAP
100042,1004,BUS-TEC-02,10.00,2026-03-27 18:12:05,NINGUNA
100663,1002,BUS-TEC-02,6.00,2026-03-27 19:23:49,TEC DE MONTERREY
100947,1001,BUS-BUAP-01,5.00,2026-03-27 19:49:43,BUAP
100756,1004,BUS-IPN-01,10.00,2026-03-28 07:07:16,NINGUNA
100723,1004,BUS-IPN-02,10.00,2026-03-28 07:11:03,NINGUNA
100901,1004,BUS-BUAP-02,10.00,2026-03-28 07:33:25,NINGUNA
100051,1001,BUS-BUAP-02,5.00,2026-03-28 07:58:13,BUAP
100720,1001,BUS-BUAP-02,5.00,2026-03-28 08:11:02,BUAP
100949,1001,BUS-BUAP-02,5.00,2026-03-28 08:17:26,BUAP
100400,1003,BUS-IPN-01,5.50,2026-03-28 08:18:45,IPN
100563,1003,BUS-IPN-01,5.50,2026-03-28 08:42:56,IPN
100820,1004,BUS-TEC-01,10.00,2026-03-28 08:56:16,NINGUNA
100966,1002,BUS-TEC-01,6.00,2026-03-28 12:31:28,TEC DE MONTERREY
100344,1003,BUS-IPN-02,5.50,2026-03-28 13:11:44,IPN
101460,1003,BUS-IPN-02,5.50,2026-03-28 13:22:35,IPN
100091,1001,BUS-BUAP-01,5.00,2026-03-28 13:23:04,BUAP
100076,1001,BUS-BUAP-01,5.00,2026-03-28 13:25:05,BUAP
100459,1002,BUS-TEC-02,6.00,2026-03-28 13:36:07,TEC DE MONTERREY
100274,1002,BUS-TEC-02,6.00,2026-03-28 13:49:41,TEC DE MONTERREY
100216,1002,BUS-TEC-01,6.00,2026-03-28 14:23:59,TEC DE MONTERREY
100653,1003,BUS-IPN-01,5.50,2026-03-28 14:26:04,IPN
100224,1002,BUS-TEC-02,6.00,2026-03-28 14:46:25,TEC DE MONTERREY
100812,1002,BUS-TEC-02,6.00,2026-03-28 14:46:27,TEC DE MONTERREY
101016,1004,BUS-TEC-02,10.00,2026-03-28 14:46:55,NINGUNA
100235,1003,BUS-IPN-01,5.50,2026-03-28 14:49:21,IPN
100392,1001,BUS-BUAP-02,5.00,2026-03-28 14:58:14,BUAP
101276,1001,BUS-BUAP-01,5.00,2026-03-28 18:13:29,BUAP
100468,1001,BUS-BUAP-02,5.00,2026-03-28 18:18:40,BUAP
100438,1001,BUS-BUAP-01,5.00,2026-03-28 19:22:30,BUAP
100442,1003,BUS-IPN-01,5.50,2026-03-28 19:59:16,IPN
100727,1004,BUS-IPN-02,10.00,2026-03-29 06:55:20,NINGUNA
100096,1003,BUS-IPN-02,5.50,2026-03-29 07:07:52,IPN
100117,1003,BUS-IPN-01,5.50,2026-03-29 07:09:36,IPN
100162,1001,BUS-BUAP-02,5.00,2026-03-29 07:18:42,BUAP
100363,1004,BUS-IPN-01,10.00,2026-03-29 07:49:55,NINGUNA
100861,1003,BUS-IPN-01,5.50,2026-03-29 07:54:44,IPN
100700,1001,BUS-BUAP-02,5.00,2026-03-29 08:02:42,BUAP
100339,1003,BUS-IPN-02,5.50,2026-03-29 08:08:52,IPN
100439,1004,BUS-BUAP-01,10.00,2026-03-29 08:39:02,NINGUNA
101433,1001,BUS-BUAP-02,5.00,2026-03-29 08:46:43,BUAP
100251,1001,BUS-BUAP-02,5.00,2026-03-29 08:50:14,BUAP
100140,1003,BUS-IPN-01,5.50,2026-03-29 08:56:02,IPN
101181,1004,BUS-BUAP-02,10.00,2026-03-29 10:19:30,NINGUNA
101143,1002,BUS-TEC-02,6.00,2026-03-29 11:57:26,TEC DE MONTERREY
101179,1004,BUS-BUAP-02,10.00,2026-03-29 13:00:18,NINGUNA
100267,1004,BUS-BUAP-02,10.00,2026-03-29 13:23:57,NINGUNA
100321,1001,BUS-BUAP-01,5.00,2026-03-29 13:24:29,BUAP
101492,1004,BUS-TEC-01,10.00,2026-03-29 13:35:22,NINGUNA
100527,1001,BUS-BUAP-02,5.00,2026-03-29 13:59:26,BUAP
101178,1002,BUS-TEC-02,6.00,2026-03-29 14:14:36,TEC DE MONTERREY
100361,1002,BUS-TEC-01,6.00,2026-03-29 14:15:15,TEC DE MONTERREY
101365,1004,BUS-IPN-02,10.00,2026-03-29 14:39:47,NINGUNA
101428,1001,BUS-BUAP-01,5.00,2026-03-29 19:05:58,BUAP
100338,1003,BUS-IPN-02,5.50,2026-03-29 19:07:55,IPN
100236,1002,BUS-TEC-01,6.00,2026-03-30 07:02:09,TEC DE MONTERREY
100809,1001,BUS-BUAP-02,5.00,2026-03-30 07:04:39,BUAP
101030,1002,BUS-TEC-01,6.00,2026-03-30 07:36:59,TEC DE MONTERREY
100377,1004,BUS-IPN-02,10.00,2026-03-30 07:37:26,NINGUNA
100552,1001,BUS-BUAP-02,5.00,2026-03-30 07:40:50,BUAP
101001,1001,BUS-BUAP-02,5.00,2026-03-30 07:42:45,BUAP
101201,1002,BUS-TEC-02,6.00,2026-03-30 08:04:42,TEC DE MONTERREY
100484,1001,BUS-BUAP-02,5.00,2026-03-30 08:11:34,BUAP
100498,1004,BUS-IPN-02,10.00,2026-03-30 08:13:35,NINGUNA
100259,1004,BUS-IPN-02,10.00,2026-03-30 08:13:57,NINGUNA
100036,1004,BUS-IPN-02,10.00,2026-03-30 08:28:42,NINGUNA
100003,1001,BUS-BUAP-01,5.00,2026-03-30 13:02:24,BUAP
100234,1002,BUS-TEC-01,6.00,2026-03-30 13:19:38,TEC DE MONTERREY
100550,1003,BUS-IPN-01,5.50,2026-03-30 13:32:39,IPN
101151,1003,BUS-IPN-01,5.50,2026-03-30 13:38:33,IPN
100047,1003,BUS-IPN-01,5.50,2026-03-30 13:51:06,IPN
100332,1004,BUS-BUAP-02,10.00,2026-03-30 13:54:27,NINGUNA
101443,1003,BUS-IPN-02,5.50,2026-03-30 14:27:46,IPN
100778,1002,BUS-TEC-02,6.00,2026-03-30 14:30:01,TEC DE MONTERREY
101077,1002,BUS-TEC-02,6.00,2026-03-30 14:34:46,TEC DE MONTERREY
100628,1004,BUS-BUAP-02,10.00,2026-03-30 14:47:52,NINGUNA
100640,1003,BUS-IPN-02,5.50,2026-03-30 14:56:42,IPN
100824,1002,BUS-TEC-02,6.00,2026-03-30 14:59:23,TEC DE MONTERREY
100198,1002,BUS-TEC-02,6.00,2026-03-30 17:30:14,TEC DE MONTERREY
100059,1002,BUS-TEC-02,6.00,2026-03-30 18:19:26,TEC DE MONTERREY
100680,1002,BUS-TEC-01,6.00,2026-03-30 19:18:05,TEC DE MONTERREY
100788,1004,BUS-TEC-01,10.00,2026-03-31 07:00:21,NINGUNA
100591,1002,BUS-TEC-02,6.00,2026-03-31 07:07:31,TEC DE MONTERREY
101167,1004,BUS-IPN-01,10.00,2026-03-31 07:08:49,NINGUNA
100150,1001,BUS-BUAP-02,5.00,2026-03-31 07:20:41,BUAP
100892,1002,BUS-TEC-02,6.00,2026-03-31 07:26:12,TEC DE MONTERREY
100685,1004,BUS-BUAP-02,10.00,2026-03-31 07:26:57,NINGUNA
100617,1002,BUS-TEC-02,6.00,2026-03-31 07:34:13,TEC DE MONTERREY
100893,1003,BUS-IPN-02,5.50,2026-03-31 07:56:45,IPN
101456,1001,BUS-BUAP-01,5.00,2026-03-31 08:01:45,BUAP
101076,1001,BUS-BUAP-01,5.00,2026-03-31 08:10:56,BUAP
100133,1004,BUS-IPN-02,10.00,2026-03-31 08:30:42,NINGUNA
100136,1002,BUS-TEC-02,6.00,2026-03-31 08:31:00,TEC DE MONTERREY
100272,1001,BUS-BUAP-02,5.00,2026-03-31 08:36:57,BUAP
100324,1001,BUS-BUAP-02,5.00,2026-03-31 10:31:30,BUAP
100671,1003,BUS-IPN-01,5.50,2026-03-31 11:49:26,IPN
101469,1003,BUS-IPN-01,5.50,2026-03-31 13:02:04,IPN
101221,1001,BUS-BUAP-01,5.00,2026-03-31 13:03:50,BUAP
101384,1001,BUS-BUAP-01,5.00,2026-03-31 13:15:36,BUAP
100053,1002,BUS-TEC-02,6.00,2026-03-31 13:31:49,TEC DE MONTERREY
100500,1002,BUS-TEC-02,6.00,2026-03-31 13:58:59,TEC DE MONTERREY
100152,1001,BUS-BUAP-02,5.00,2026-03-31 14:24:30,BUAP
101373,1003,BUS-IPN-01,5.50,2026-03-31 14:29:15,IPN
100148,1004,BUS-BUAP-02,10.00,2026-03-31 17:25:12,NINGUNA
100586,1004,BUS-TEC-01,10.00,2026-03-31 18:28:02,NINGUNA
100594,1003,BUS-IPN-01,5.50,2026-03-31 19:16:02,IPN
100741,1001,BUS-BUAP-02,5.00,2026-03-31 20:14:33,BUAP
101230,1003,BUS-IPN-02,5.50,2026-04-01 07:25:34,IPN
101399,1004,BUS-TEC-02,10.00,2026-04-01 07:53:14,NINGUNA
101095,1004,BUS-BUAP-02,10.00,2026-04-01 07:58:44,NINGUNA
100849,1002,BUS-TEC-02,6.00,2026-04-01 08:15:46,TEC DE MONTERREY
100964,1001,BUS-BUAP-02,5.00,2026-04-01 08:27:20,BUAP
101129,1002,BUS-TEC-02,6.00,2026-04-01 08:48:11,TEC DE MONTERREY
101431,1003,BUS-IPN-02,5.50,2026-04-01 13:22:02,IPN
100637,1004,BUS-IPN-02,10.00,2026-04-01 13:26:35,NINGUNA
100601,1002,BUS-TEC-01,6.00,2026-04-01 13:29:00,TEC DE MONTERREY
100530,1002,BUS-TEC-01,6.00,2026-04-01 13:48:55,TEC DE MONTERREY
101097,1003,BUS-IPN-01,5.50,2026-04-01 13:58:13,IPN
100847,1001,BUS-BUAP-02,5.00,2026-04-01 14:18:46,BUAP
100517,1002,BUS-TEC-01,6.00,2026-04-01 14:26:04,TEC DE MONTERREY
100917,1003,BUS-IPN-02,5.50,2026-04-01 14:38:40,IPN
101354,1004,BUS-TEC-02,10.00,2026-04-01 14:51:32,NINGUNA
100034,1002,BUS-TEC-02,6.00,2026-04-02 07:07:23,TEC DE MONTERREY
101057,1003,BUS-IPN-01,5.50,2026-04-02 07:10:20,IPN
100564,1003,BUS-IPN-02,5.50,2026-04-02 07:14:54,IPN
100395,1002,BUS-TEC-01,6.00,2026-04-02 07:20:13,TEC DE MONTERREY
100446,1003,BUS-IPN-01,5.50,2026-04-02 07:22:24,IPN
101104,1004,BUS-IPN-01,10.00,2026-04-02 07:24:03,NINGUNA
101474,1002,BUS-TEC-01,6.00,2026-04-02 07:28:33,TEC DE MONTERREY
101455,1002,BUS-TEC-01,6.00,2026-04-02 07:41:43,TEC DE MONTERREY
100520,1002,BUS-TEC-01,6.00,2026-04-02 07:54:54,TEC DE MONTERREY
100995,1001,BUS-BUAP-01,5.00,2026-04-02 08:01:44,BUAP
100704,1002,BUS-TEC-02,6.00,2026-04-02 08:04:22,TEC DE MONTERREY
101068,1002,BUS-TEC-01,6.00,2026-04-02 08:14:36,TEC DE MONTERREY
100905,1002,BUS-TEC-01,6.00,2026-04-02 08:17:53,TEC DE MONTERREY
101267,1004,BUS-IPN-01,10.00,2026-04-02 08:27:49,NINGUNA
101407,1002,BUS-TEC-01,6.00,2026-04-02 08:59:08,TEC DE MONTERREY
101173,1002,BUS-TEC-01,6.00,2026-04-02 12:26:40,TEC DE MONTERREY
100127,1001,BUS-BUAP-02,5.00,2026-04-02 13:01:37,BUAP
100341,1002,BUS-TEC-02,6.00,2026-04-02 13:31:11,TEC DE MONTERREY
100565,1002,BUS-TEC-01,6.00,2026-04-02 13:32:53,TEC DE MONTERREY
100683,1004,BUS-BUAP-01,10.00,2026-04-02 13:33:26,NINGUNA
101446,1004,BUS-TEC-02,10.00,2026-04-02 13:43:11,NINGUNA
101368,1003,BUS-IPN-02,5.50,2026-04-02 14:25:48,IPN
100874,1002,BUS-TEC-02,6.00,2026-04-02 14:31:39,TEC DE MONTERREY
100050,1004,BUS-IPN-01,10.00,2026-04-02 15:30:45,NINGUNA
101078,1002,BUS-TEC-01,6.00,2026-04-02 17:22:14,TEC DE MONTERREY
100514,1001,BUS-BUAP-02,5.00,2026-04-03 07:34:30,BUAP
100877,1001,BUS-BUAP-01,5.00,2026-04-03 08:04:28,BUAP
100890,1003,BUS-IPN-01,5.50,2026-04-03 08:16:26,IPN
100409,1004,BUS-IPN-01,10.00,2026-04-03 08:27:27,NINGUNA
101065,1004,BUS-IPN-01,10.00,2026-04-03 08:47:00,NINGUNA
100787,1001,BUS-BUAP-01,5.00,2026-04-03 08:50:33,BUAP
100775,1003,BUS-IPN-01,5.50,2026-04-03 08:53:32,IPN
100481,1002,BUS-TEC-02,6.00,2026-04-03 13:00:39,TEC DE MONTERREY
101414,1001,BUS-BUAP-02,5.00,2026-04-03 13:09:24,BUAP
100828,1002,BUS-TEC-01,6.00,2026-04-03 13:26:11,TEC DE MONTERREY
100313,1002,BUS-TEC-01,6.00,2026-04-03 13:26:50,TEC DE MONTERREY
100169,1003,BUS-IPN-01,5.50,2026-04-03 13:29:46,IPN
101223,1003,BUS-IPN-01,5.50,2026-04-03 13:37:06,IPN
101222,1003,BUS-IPN-02,5.50,2026-04-03 13:37:56,IPN
100817,1004,BUS-IPN-02,10.00,2026-04-03 13:48:03,NINGUNA
100834,1001,BUS-BUAP-02,5.00,2026-04-03 14:11:36,BUAP
100669,1004,BUS-TEC-02,10.00,2026-04-03 14:12:33,NINGUNA
100839,1003,BUS-IPN-01,5.50,2026-04-03 14:14:31,IPN
100116,1004,BUS-BUAP-02,10.00,2026-04-03 14:45:05,NINGUNA
101270,1003,BUS-IPN-02,5.50,2026-04-03 14:46:19,IPN
101301,1004,BUS-TEC-02,10.00,2026-04-03 14:51:30,NINGUNA
101187,1003,BUS-IPN-02,5.50,2026-04-03 14:53:02,IPN
100914,1001,BUS-BUAP-02,5.00,2026-04-03 19:00:45,BUAP
101397,1002,BUS-TEC-01,6.00,2026-04-03 19:02:43,TEC DE MONTERREY
100017,1002,BUS-TEC-01,6.00,2026-04-04 07:03:11,TEC DE MONTERREY
100367,1002,BUS-TEC-01,6.00,2026-04-04 07:07:45,TEC DE MONTERREY
101465,1003,BUS-IPN-02,5.50,2026-04-04 07:35:02,IPN
100924,1002,BUS-TEC-01,6.00,2026-04-04 07:35:08,TEC DE MONTERREY
100336,1002,BUS-TEC-01,6.00,2026-04-04 07:35:46,TEC DE MONTERREY
101459,1003,BUS-IPN-01,5.50,2026-04-04 07:37:29,IPN
100104,1002,BUS-TEC-02,6.00,2026-04-04 07:40:26,TEC DE MONTERREY
100478,1002,BUS-TEC-01,6.00,2026-04-04 07:41:19,TEC DE MONTERREY
101255,1002,BUS-TEC-01,6.00,2026-04-04 07:53:26,TEC DE MONTERREY
100694,1002,BUS-TEC-02,6.00,2026-04-04 08:06:03,TEC DE MONTERREY
101358,1003,BUS-IPN-02,5.50,2026-04-04 08:32:32,IPN
100334,1004,BUS-BUAP-01,10.00,2026-04-04 08:49:14,NINGUNA
100609,1004,BUS-IPN-02,10.00,2026-04-04 08:49:49,NINGUNA
101228,1003,BUS-IPN-02,5.50,2026-04-04 12:06:24,IPN
100351,1002,BUS-TEC-01,6.00,2026-04-04 12:53:32,TEC DE MONTERREY
100447,1004,BUS-TEC-01,10.00,2026-04-04 13:17:12,NINGUNA
100763,1002,BUS-TEC-01,6.00,2026-04-04 13:18:38,TEC DE MONTERREY
100063,1004,BUS-TEC-01,10.00,2026-04-04 13:22:13,NINGUNA
100810,1004,BUS-TEC-01,10.00,2026-04-04 13:29:39,NINGUNA
101249,1003,BUS-IPN-02,5.50,2026-04-04 13:35:22,IPN
100929,1001,BUS-BUAP-01,5.00,2026-04-04 13:56:30,BUAP
100453,1003,BUS-IPN-02,5.50,2026-04-04 14:04:35,IPN
100767,1002,BUS-TEC-02,6.00,2026-04-04 14:08:43,TEC DE MONTERREY
101122,1002,BUS-TEC-02,6.00,2026-04-04 14:12:47,TEC DE MONTERREY
100374,1001,BUS-BUAP-02,5.00,2026-04-04 14:33:32,BUAP
101337,1002,BUS-TEC-01,6.00,2026-04-04 18:12:29,TEC DE MONTERREY
100738,1002,BUS-TEC-01,6.00,2026-04-04 18:37:37,TEC DE MONTERREY
100493,1001,BUS-BUAP-02,5.00,2026-04-04 18:47:09,BUAP
100345,1002,BUS-TEC-01,6.00,2026-04-04 20:35:48,TEC DE MONTERREY
101072,1002,BUS-TEC-01,6.00,2026-04-04 20:37:08,TEC DE MONTERREY
100606,1004,BUS-TEC-01,10.00,2026-04-04 21:16:52,NINGUNA
101421,1001,BUS-BUAP-01,5.00,2026-04-05 06:46:57,BUAP
100655,1001,BUS-BUAP-02,5.00,2026-04-05 07:09:06,BUAP
100277,1003,BUS-IPN-02,5.50,2026-04-05 07:31:31,IPN
101239,1003,BUS-IPN-01,5.50,2026-04-05 07:32:48,IPN
100814,1001,BUS-BUAP-02,5.00,2026-04-05 07:52:34,BUAP
100582,1004,BUS-IPN-01,10.00,2026-04-05 07:57:27,NINGUNA
100915,1003,BUS-IPN-02,5.50,2026-04-05 07:59:07,IPN
100219,1002,BUS-TEC-01,6.00,2026-04-05 08:04:04,TEC DE MONTERREY
100141,1002,BUS-TEC-02,6.00,2026-04-05 08:21:26,TEC DE MONTERREY
100538,1003,BUS-IPN-01,5.50,2026-04-05 08:29:45,IPN
100912,1003,BUS-IPN-01,5.50,2026-04-05 08:45:10,IPN
101427,1004,BUS-IPN-02,10.00,2026-04-05 08:51:45,NINGUNA
100596,1002,BUS-TEC-02,6.00,2026-04-05 13:17:35,TEC DE MONTERREY
101372,1001,BUS-BUAP-01,5.00,2026-04-05 13:17:37,BUAP
100998,1001,BUS-BUAP-01,5.00,2026-04-05 13:30:31,BUAP
100742,1001,BUS-BUAP-02,5.00,2026-04-05 13:42:46,BUAP
100957,1004,BUS-IPN-01,10.00,2026-04-05 14:00:31,NINGUNA
101109,1003,BUS-IPN-01,5.50,2026-04-05 14:02:04,IPN
100963,1003,BUS-IPN-01,5.50,2026-04-05 14:30:04,IPN
100477,1001,BUS-BUAP-01,5.00,2026-04-05 14:51:52,BUAP
100588,1002,BUS-TEC-02,6.00,2026-04-05 14:59:42,TEC DE MONTERREY
100614,1004,BUS-IPN-02,10.00,2026-04-05 18:37:39,NINGUNA
100428,1002,BUS-TEC-01,6.00,2026-04-05 18:51:24,TEC DE MONTERREY
101237,1003,BUS-IPN-01,5.50,2026-04-05 19:15:02,IPN
100898,1002,BUS-TEC-01,6.00,2026-04-05 20:26:21,TEC DE MONTERREY
101370,1004,BUS-TEC-02,10.00,2026-04-05 20:37:41,NINGUNA
100872,1001,BUS-BUAP-01,5.00,2026-04-06 07:06:45,BUAP
100927,1004,BUS-BUAP-01,10.00,2026-04-06 07:09:03,NINGUNA
100909,1004,BUS-BUAP-01,10.00,2026-04-06 07:32:49,NINGUNA
100082,1003,BUS-IPN-01,5.50,2026-04-06 07:54:19,IPN
100458,1004,BUS-BUAP-02,10.00,2026-04-06 08:00:51,NINGUNA
100647,1003,BUS-IPN-02,5.50,2026-04-06 08:16:48,IPN
101139,1002,BUS-TEC-01,6.00,2026-04-06 08:32:55,TEC DE MONTERREY
101229,1004,BUS-IPN-01,10.00,2026-04-06 08:40:13,NINGUNA
100806,1003,BUS-IPN-01,5.50,2026-04-06 08:49:44,IPN
101093,1001,BUS-BUAP-01,5.00,2026-04-06 10:10:35,BUAP
100195,1004,BUS-IPN-01,10.00,2026-04-06 12:16:48,NINGUNA
101040,1004,BUS-TEC-01,10.00,2026-04-06 13:05:12,NINGUNA
101126,1004,BUS-TEC-02,10.00,2026-04-06 13:40:07,NINGUNA
101444,1001,BUS-BUAP-02,5.00,2026-04-06 13:44:29,BUAP
100485,1001,BUS-BUAP-02,5.00,2026-04-06 13:59:27,BUAP
100489,1003,BUS-IPN-01,5.50,2026-04-06 14:05:49,IPN
100987,1001,BUS-BUAP-01,5.00,2026-04-06 14:08:35,BUAP
100471,1003,BUS-IPN-02,5.50,2026-04-06 14:37:30,IPN
100360,1003,BUS-IPN-02,5.50,2026-04-06 14:45:45,IPN
100764,1003,BUS-IPN-02,5.50,2026-04-06 14:48:04,IPN
101408,1002,BUS-TEC-02,6.00,2026-04-06 14:49:00,TEC DE MONTERREY
100908,1001,BUS-BUAP-02,5.00,2026-04-06 14:51:35,BUAP
100100,1003,BUS-IPN-01,5.50,2026-04-06 14:58:47,IPN
100734,1001,BUS-BUAP-02,5.00,2026-04-06 15:08:36,BUAP
101440,1001,BUS-BUAP-02,5.00,2026-04-06 18:08:10,BUAP
100906,1002,BUS-TEC-02,6.00,2026-04-06 18:15:57,TEC DE MONTERREY
101184,1001,BUS-BUAP-02,5.00,2026-04-06 18:18:33,BUAP
100976,1003,BUS-IPN-02,5.50,2026-04-06 21:32:02,IPN
101217,1004,BUS-IPN-02,10.00,2026-04-06 21:36:40,NINGUNA
100492,1001,BUS-BUAP-01,5.00,2026-04-07 06:30:24,BUAP
100793,1001,BUS-BUAP-02,5.00,2026-04-07 07:20:14,BUAP
100205,1001,BUS-BUAP-02,5.00,2026-04-07 07:37:07,BUAP
100541,1003,BUS-IPN-02,5.50,2026-04-07 07:40:00,IPN
100134,1003,BUS-IPN-01,5.50,2026-04-07 07:46:31,IPN
101252,1001,BUS-BUAP-01,5.00,2026-04-07 08:33:14,BUAP
100072,1004,BUS-IPN-02,10.00,2026-04-07 08:35:13,NINGUNA
100202,1002,BUS-TEC-01,6.00,2026-04-07 08:43:04,TEC DE MONTERREY
100218,1004,BUS-BUAP-02,10.00,2026-04-07 08:59:41,NINGUNA
100184,1003,BUS-IPN-01,5.50,2026-04-07 13:03:50,IPN
101277,1004,BUS-TEC-01,10.00,2026-04-07 13:07:04,NINGUNA
101177,1004,BUS-BUAP-01,10.00,2026-04-07 13:19:19,NINGUNA
100166,1003,BUS-IPN-02,5.50,2026-04-07 13:19:28,IPN
100025,1004,BUS-BUAP-02,10.00,2026-04-07 13:26:43,NINGUNA
101225,1004,BUS-TEC-02,10.00,2026-04-07 13:27:52,NINGUNA
100102,1002,BUS-TEC-02,6.00,2026-04-07 13:33:08,TEC DE MONTERREY
100243,1002,BUS-TEC-01,6.00,2026-04-07 14:44:04,TEC DE MONTERREY
100587,1002,BUS-TEC-02,6.00,2026-04-07 14:49:37,TEC DE MONTERREY
100739,1004,BUS-IPN-01,10.00,2026-04-07 18:58:05,NINGUNA
100246,1002,BUS-TEC-01,6.00,2026-04-07 19:18:23,TEC DE MONTERREY
100071,1001,BUS-BUAP-01,5.00,2026-04-07 20:15:07,BUAP
100512,1004,BUS-TEC-01,10.00,2026-04-07 20:25:38,NINGUNA
100521,1004,BUS-BUAP-01,10.00,2026-04-08 06:29:34,NINGUNA
100696,1003,BUS-IPN-02,5.50,2026-04-08 07:09:19,IPN
100262,1001,BUS-BUAP-02,5.00,2026-04-08 07:10:01,BUAP
100710,1001,BUS-BUAP-02,5.00,2026-04-08 07:39:59,BUAP
101379,1002,BUS-TEC-01,6.00,2026-04-08 07:55:01,TEC DE MONTERREY
100736,1004,BUS-TEC-01,10.00,2026-04-08 08:05:44,NINGUNA
100210,1004,BUS-IPN-02,10.00,2026-04-08 08:13:13,NINGUNA
100988,1003,BUS-IPN-01,5.50,2026-04-08 08:43:36,IPN
100077,1001,BUS-BUAP-02,5.00,2026-04-08 08:47:32,BUAP
100157,1003,BUS-IPN-02,5.50,2026-04-08 08:48:44,IPN
101305,1001,BUS-BUAP-01,5.00,2026-04-08 08:59:22,BUAP
100012,1001,BUS-BUAP-01,5.00,2026-04-08 13:00:22,BUAP
101157,1001,BUS-BUAP-01,5.00,2026-04-08 13:15:43,BUAP
100247,1002,BUS-TEC-01,6.00,2026-04-08 13:56:31,TEC DE MONTERREY
100404,1003,BUS-IPN-01,5.50,2026-04-08 13:59:15,IPN
100151,1004,BUS-BUAP-01,10.00,2026-04-08 14:03:56,NINGUNA
100347,1001,BUS-BUAP-02,5.00,2026-04-08 14:15:49,BUAP
100476,1002,BUS-TEC-02,6.00,2026-04-08 14:26:04,TEC DE MONTERREY
100940,1004,BUS-BUAP-02,10.00,2026-04-08 14:38:15,NINGUNA
101424,1001,BUS-BUAP-02,5.00,2026-04-08 19:32:49,BUAP
101336,1004,BUS-TEC-01,10.00,2026-04-08 19:58:43,NINGUNA
101425,1001,BUS-BUAP-01,5.00,2026-04-09 07:10:52,BUAP
100626,1001,BUS-BUAP-01,5.00,2026-04-09 07:12:53,BUAP
100722,1002,BUS-TEC-02,6.00,2026-04-09 07:29:28,TEC DE MONTERREY
100536,1004,BUS-BUAP-02,10.00,2026-04-09 07:33:11,NINGUNA
101355,1001,BUS-BUAP-02,5.00,2026-04-09 07:35:24,BUAP
101213,1001,BUS-BUAP-02,5.00,2026-04-09 07:35:36,BUAP
100545,1002,BUS-TEC-01,6.00,2026-04-09 07:40:14,TEC DE MONTERREY
101098,1004,BUS-TEC-01,10.00,2026-04-09 07:42:11,NINGUNA
100597,1001,BUS-BUAP-01,5.00,2026-04-09 07:44:15,BUAP
101036,1001,BUS-BUAP-02,5.00,2026-04-09 07:56:36,BUAP
100146,1003,BUS-IPN-02,5.50,2026-04-09 07:58:23,IPN
100726,1004,BUS-BUAP-01,10.00,2026-04-09 08:14:06,NINGUNA
101450,1001,BUS-BUAP-02,5.00,2026-04-09 08:27:17,BUAP
101268,1003,BUS-IPN-01,5.50,2026-04-09 08:32:14,IPN
101300,1003,BUS-IPN-02,5.50,2026-04-09 08:32:28,IPN
100903,1001,BUS-BUAP-02,5.00,2026-04-09 08:40:18,BUAP
101458,1003,BUS-IPN-01,5.50,2026-04-09 08:43:05,IPN
101404,1002,BUS-TEC-02,6.00,2026-04-09 08:43:34,TEC DE MONTERREY
100777,1004,BUS-IPN-01,10.00,2026-04-09 11:12:59,NINGUNA
100910,1002,BUS-TEC-01,6.00,2026-04-09 13:07:28,TEC DE MONTERREY
100163,1002,BUS-TEC-01,6.00,2026-04-09 13:11:49,TEC DE MONTERREY
100381,1003,BUS-IPN-02,5.50,2026-04-09 13:26:03,IPN
100621,1002,BUS-TEC-01,6.00,2026-04-09 13:39:08,TEC DE MONTERREY
100677,1004,BUS-IPN-02,10.00,2026-04-09 14:15:37,NINGUNA
100525,1004,BUS-IPN-02,10.00,2026-04-09 14:27:36,NINGUNA
101046,1003,BUS-IPN-02,5.50,2026-04-09 14:35:48,IPN
100087,1002,BUS-TEC-02,6.00,2026-04-09 14:44:42,TEC DE MONTERREY
101341,1003,BUS-IPN-01,5.50,2026-04-09 14:46:31,IPN
101211,1002,BUS-TEC-02,6.00,2026-04-09 14:49:14,TEC DE MONTERREY
101088,1003,BUS-IPN-02,5.50,2026-04-09 14:51:18,IPN
100925,1002,BUS-TEC-01,6.00,2026-04-09 15:19:39,TEC DE MONTERREY
101063,1003,BUS-IPN-02,5.50,2026-04-09 16:09:48,IPN
100005,1002,BUS-TEC-02,6.00,2026-04-09 16:34:44,TEC DE MONTERREY
100295,1002,BUS-TEC-01,6.00,2026-04-09 16:40:17,TEC DE MONTERREY
100511,1002,BUS-TEC-02,6.00,2026-04-10 06:09:22,TEC DE MONTERREY
100473,1001,BUS-BUAP-01,5.00,2026-04-10 06:36:30,BUAP
100519,1003,BUS-IPN-02,5.50,2026-04-10 07:02:19,IPN
101206,1004,BUS-TEC-01,10.00,2026-04-10 08:03:44,NINGUNA
101470,1001,BUS-BUAP-02,5.00,2026-04-10 08:07:26,BUAP
100156,1001,BUS-BUAP-02,5.00,2026-04-10 08:26:47,BUAP
100129,1003,BUS-IPN-01,5.50,2026-04-10 08:28:12,IPN
100955,1004,BUS-IPN-02,10.00,2026-04-10 08:28:21,NINGUNA
100896,1002,BUS-TEC-02,6.00,2026-04-10 08:46:15,TEC DE MONTERREY
100090,1003,BUS-IPN-02,5.50,2026-04-10 08:56:48,IPN
100937,1003,BUS-IPN-01,5.50,2026-04-10 08:59:07,IPN
100950,1003,BUS-IPN-02,5.50,2026-04-10 10:22:40,IPN
100518,1003,BUS-IPN-01,5.50,2026-04-10 12:47:47,IPN
101021,1001,BUS-BUAP-02,5.00,2026-04-10 13:00:32,BUAP
100672,1004,BUS-TEC-02,10.00,2026-04-10 13:20:19,NINGUNA
100555,1002,BUS-TEC-02,6.00,2026-04-10 13:25:31,TEC DE MONTERREY
101250,1004,BUS-TEC-01,10.00,2026-04-10 13:27:48,NINGUNA
100056,1003,BUS-IPN-01,5.50,2026-04-10 13:38:40,IPN
100376,1001,BUS-BUAP-01,5.00,2026-04-10 14:18:25,BUAP
101481,1002,BUS-TEC-02,6.00,2026-04-10 14:32:18,TEC DE MONTERREY
101326,1002,BUS-TEC-02,6.00,2026-04-10 14:47:07,TEC DE MONTERREY
100421,1002,BUS-TEC-02,6.00,2026-04-10 18:01:51,TEC DE MONTERREY
101282,1001,BUS-BUAP-02,5.00,2026-04-10 19:19:21,BUAP
100315,1002,BUS-TEC-02,6.00,2026-04-10 21:51:22,TEC DE MONTERREY
100049,1001,BUS-BUAP-02,5.00,2026-04-11 07:18:28,BUAP
101360,1002,BUS-TEC-02,6.00,2026-04-11 07:29:44,TEC DE MONTERREY
100187,1004,BUS-IPN-01,10.00,2026-04-11 07:30:17,NINGUNA
100335,1003,BUS-IPN-01,5.50,2026-04-11 07:38:03,IPN
100060,1002,BUS-TEC-01,6.00,2026-04-11 07:43:08,TEC DE MONTERREY
100119,1002,BUS-TEC-01,6.00,2026-04-11 07:58:00,TEC DE MONTERREY
100692,1001,BUS-BUAP-02,5.00,2026-04-11 08:02:23,BUAP
100665,1001,BUS-BUAP-01,5.00,2026-04-11 08:12:48,BUAP
100622,1003,BUS-IPN-01,5.50,2026-04-11 08:22:07,IPN
100024,1004,BUS-BUAP-02,10.00,2026-04-11 08:29:57,NINGUNA
100744,1002,BUS-TEC-02,6.00,2026-04-11 08:31:43,TEC DE MONTERREY
101215,1001,BUS-BUAP-02,5.00,2026-04-11 12:11:23,BUAP
100411,1004,BUS-IPN-01,10.00,2026-04-11 12:40:15,NINGUNA
101062,1003,BUS-IPN-01,5.50,2026-04-11 13:01:02,IPN
100412,1003,BUS-IPN-02,5.50,2026-04-11 13:04:06,IPN
100269,1001,BUS-BUAP-01,5.00,2026-04-11 13:15:18,BUAP
100561,1004,BUS-IPN-01,10.00,2026-04-11 14:10:14,NINGUNA
101322,1004,BUS-TEC-01,10.00,2026-04-11 14:14:07,NINGUNA
101434,1002,BUS-TEC-02,6.00,2026-04-11 14:27:50,TEC DE MONTERREY
101047,1004,BUS-IPN-02,10.00,2026-04-11 14:39:19,NINGUNA
101199,1003,BUS-IPN-01,5.50,2026-04-11 14:44:43,IPN
101453,1003,BUS-IPN-02,5.50,2026-04-11 14:45:35,IPN
101205,1002,BUS-TEC-01,6.00,2026-04-11 18:02:01,TEC DE MONTERREY
100612,1004,BUS-TEC-02,10.00,2026-04-11 18:46:09,NINGUNA
100161,1002,BUS-TEC-02,6.00,2026-04-11 19:32:00,TEC DE MONTERREY
101137,1003,BUS-IPN-02,5.50,2026-04-11 19:42:18,IPN
100193,1003,BUS-IPN-02,5.50,2026-04-12 07:02:17,IPN
101186,1001,BUS-BUAP-02,5.00,2026-04-12 07:10:14,BUAP
100862,1003,BUS-IPN-01,5.50,2026-04-12 07:19:29,IPN
100843,1001,BUS-BUAP-01,5.00,2026-04-12 07:22:47,BUAP
100475,1002,BUS-TEC-01,6.00,2026-04-12 07:29:08,TEC DE MONTERREY
101158,1001,BUS-BUAP-02,5.00,2026-04-12 07:34:45,BUAP
101019,1004,BUS-TEC-01,10.00,2026-04-12 07:44:57,NINGUNA
101162,1004,BUS-TEC-02,10.00,2026-04-12 07:47:08,NINGUNA
100717,1004,BUS-TEC-02,10.00,2026-04-12 07:48:21,NINGUNA
101094,1004,BUS-BUAP-02,10.00,2026-04-12 07:48:44,NINGUNA
100858,1003,BUS-IPN-02,5.50,2026-04-12 08:02:04,IPN
101138,1003,BUS-IPN-01,5.50,2026-04-12 08:07:56,IPN
100930,1002,BUS-TEC-02,6.00,2026-04-12 08:17:43,TEC DE MONTERREY
101214,1004,BUS-IPN-02,10.00,2026-04-12 08:32:08,NINGUNA
100279,1003,BUS-IPN-02,5.50,2026-04-12 08:54:45,IPN
100075,1003,BUS-IPN-01,5.50,2026-04-12 13:04:55,IPN
100543,1003,BUS-IPN-01,5.50,2026-04-12 13:42:07,IPN
100590,1002,BUS-TEC-02,6.00,2026-04-12 13:51:17,TEC DE MONTERREY
100126,1004,BUS-TEC-02,10.00,2026-04-12 13:52:32,NINGUNA
100297,1002,BUS-TEC-01,6.00,2026-04-12 14:20:35,TEC DE MONTERREY
100522,1003,BUS-IPN-02,5.50,2026-04-12 14:23:05,IPN
100600,1002,BUS-TEC-01,6.00,2026-04-12 14:23:19,TEC DE MONTERREY
101357,1002,BUS-TEC-02,6.00,2026-04-12 14:24:55,TEC DE MONTERREY
100944,1004,BUS-TEC-02,10.00,2026-04-12 14:25:31,NINGUNA
100895,1003,BUS-IPN-01,5.50,2026-04-12 14:42:18,IPN
100167,1002,BUS-TEC-02,6.00,2026-04-12 14:47:24,TEC DE MONTERREY
101183,1003,BUS-IPN-02,5.50,2026-04-12 14:52:00,IPN
100462,1004,BUS-BUAP-02,10.00,2026-04-12 18:49:21,NINGUNA
101254,1002,BUS-TEC-02,6.00,2026-04-12 19:48:59,TEC DE MONTERREY
101092,1002,BUS-TEC-02,6.00,2026-04-12 19:57:38,TEC DE MONTERREY
100149,1002,BUS-TEC-02,6.00,2026-04-12 20:42:03,TEC DE MONTERREY
100687,1003,BUS-IPN-02,5.50,2026-04-13 07:07:58,IPN
101419,1003,BUS-IPN-02,5.50,2026-04-13 07:23:27,IPN
100765,1002,BUS-TEC-02,6.00,2026-04-13 07:32:11,TEC DE MONTERREY
100790,1002,BUS-TEC-02,6.00,2026-04-13 07:47:50,TEC DE MONTERREY
100064,1001,BUS-BUAP-02,5.00,2026-04-13 07:49:51,BUAP
100989,1002,BUS-TEC-02,6.00,2026-04-13 08:09:13,TEC DE MONTERREY
101375,1004,BUS-BUAP-01,10.00,2026-04-13 08:16:52,NINGUNA
100094,1002,BUS-TEC-02,6.00,2026-04-13 08:21:12,TEC DE MONTERREY
100540,1004,BUS-BUAP-02,10.00,2026-04-13 08:39:48,NINGUNA
101176,1002,BUS-TEC-02,6.00,2026-04-13 08:40:55,TEC DE MONTERREY
101475,1002,BUS-TEC-01,6.00,2026-04-13 08:42:46,TEC DE MONTERREY
100553,1004,BUS-BUAP-01,10.00,2026-04-13 08:43:50,NINGUNA
101198,1004,BUS-BUAP-01,10.00,2026-04-13 08:57:45,NINGUNA
100627,1004,BUS-IPN-02,10.00,2026-04-13 13:04:31,NINGUNA
101049,1001,BUS-BUAP-02,5.00,2026-04-13 13:04:38,BUAP
100483,1004,BUS-IPN-02,10.00,2026-04-13 13:05:05,NINGUNA
100142,1004,BUS-TEC-01,10.00,2026-04-13 13:15:51,NINGUNA
101432,1003,BUS-IPN-02,5.50,2026-04-13 13:46:11,IPN
101439,1002,BUS-TEC-01,6.00,2026-04-13 13:56:03,TEC DE MONTERREY
100616,1002,BUS-TEC-01,6.00,2026-04-13 13:58:53,TEC DE MONTERREY
101494,1001,BUS-BUAP-01,5.00,2026-04-13 14:05:56,BUAP
100164,1004,BUS-BUAP-01,10.00,2026-04-13 14:20:47,NINGUNA
100155,1001,BUS-BUAP-01,5.00,2026-04-13 14:26:30,BUAP
100211,1004,BUS-BUAP-02,10.00,2026-04-13 14:35:01,NINGUNA
100068,1003,BUS-IPN-01,5.50,2026-04-13 14:42:57,IPN
101489,1002,BUS-TEC-01,6.00,2026-04-13 14:48:13,TEC DE MONTERREY
100920,1003,BUS-IPN-02,5.50,2026-04-13 14:53:20,IPN
100369,1003,BUS-IPN-02,5.50,2026-04-13 18:09:24,IPN
100888,1004,BUS-BUAP-01,10.00,2026-04-13 19:56:24,NINGUNA
101488,1002,BUS-TEC-02,6.00,2026-04-14 06:34:10,TEC DE MONTERREY
101042,1003,BUS-IPN-02,5.50,2026-04-14 07:01:10,IPN
100766,1002,BUS-TEC-02,6.00,2026-04-14 07:04:19,TEC DE MONTERREY
100943,1001,BUS-BUAP-02,5.00,2026-04-14 07:22:07,BUAP
100030,1001,BUS-BUAP-01,5.00,2026-04-14 07:34:45,BUAP
100956,1003,BUS-IPN-01,5.50,2026-04-14 07:40:56,IPN
100962,1003,BUS-IPN-02,5.50,2026-04-14 07:41:52,IPN
101125,1002,BUS-TEC-01,6.00,2026-04-14 07:46:24,TEC DE MONTERREY
101189,1001,BUS-BUAP-01,5.00,2026-04-14 07:49:55,BUAP
100960,1004,BUS-TEC-02,10.00,2026-04-14 08:15:58,NINGUNA
100919,1002,BUS-TEC-01,6.00,2026-04-14 08:19:54,TEC DE MONTERREY
101457,1004,BUS-BUAP-02,10.00,2026-04-14 08:26:06,NINGUNA
101274,1004,BUS-BUAP-02,10.00,2026-04-14 08:29:49,NINGUNA
101406,1001,BUS-BUAP-02,5.00,2026-04-14 08:37:32,BUAP
100201,1002,BUS-TEC-01,6.00,2026-04-14 08:47:27,TEC DE MONTERREY
100183,1001,BUS-BUAP-02,5.00,2026-04-14 08:58:12,BUAP
100760,1003,BUS-IPN-01,5.50,2026-04-14 12:01:14,IPN
100108,1002,BUS-TEC-02,6.00,2026-04-14 13:00:55,TEC DE MONTERREY
100023,1001,BUS-BUAP-01,5.00,2026-04-14 13:02:47,BUAP
101422,1004,BUS-BUAP-01,10.00,2026-04-14 13:11:53,NINGUNA
100560,1001,BUS-BUAP-02,5.00,2026-04-14 13:50:30,BUAP
100702,1004,BUS-TEC-02,10.00,2026-04-14 13:50:41,NINGUNA
101134,1004,BUS-IPN-01,10.00,2026-04-14 13:57:42,NINGUNA
100999,1003,BUS-IPN-01,5.50,2026-04-14 13:57:44,IPN
100333,1001,BUS-BUAP-02,5.00,2026-04-14 13:58:25,BUAP
101089,1001,BUS-BUAP-01,5.00,2026-04-14 14:07:36,BUAP
100270,1001,BUS-BUAP-02,5.00,2026-04-14 14:08:52,BUAP
101066,1004,BUS-BUAP-02,10.00,2026-04-14 14:09:21,NINGUNA
101107,1004,BUS-IPN-02,10.00,2026-04-14 14:18:13,NINGUNA
100634,1003,BUS-IPN-01,5.50,2026-04-14 14:45:51,IPN
100029,1003,BUS-IPN-01,5.50,2026-04-14 18:15:54,IPN
101275,1003,BUS-IPN-01,5.50,2026-04-14 18:54:45,IPN
101334,1004,BUS-BUAP-02,10.00,2026-04-14 19:05:28,NINGUNA
101426,1004,BUS-BUAP-01,10.00,2026-04-14 19:05:36,NINGUNA
100088,1003,BUS-IPN-02,5.50,2026-04-14 19:21:40,IPN
100648,1003,BUS-IPN-02,5.50,2026-04-14 19:42:18,IPN
100611,1001,BUS-BUAP-01,5.00,2026-04-15 06:52:33,BUAP
100101,1002,BUS-TEC-02,6.00,2026-04-15 07:30:55,TEC DE MONTERREY
100393,1003,BUS-IPN-02,5.50,2026-04-15 07:35:01,IPN
100237,1004,BUS-IPN-01,10.00,2026-04-15 07:44:10,NINGUNA
101101,1003,BUS-IPN-02,5.50,2026-04-15 07:46:20,IPN
101140,1001,BUS-BUAP-02,5.00,2026-04-15 07:49:32,BUAP
100982,1002,BUS-TEC-02,6.00,2026-04-15 07:59:13,TEC DE MONTERREY
100876,1001,BUS-BUAP-01,5.00,2026-04-15 08:06:29,BUAP
100326,1003,BUS-IPN-02,5.50,2026-04-15 08:31:49,IPN
100317,1003,BUS-IPN-01,5.50,2026-04-15 08:33:24,IPN
101011,1004,BUS-IPN-02,10.00,2026-04-15 08:46:17,NINGUNA
100945,1001,BUS-BUAP-02,5.00,2026-04-15 08:58:38,BUAP
100284,1001,BUS-BUAP-02,5.00,2026-04-15 11:08:20,BUAP
100457,1003,BUS-IPN-02,5.50,2026-04-15 13:07:56,IPN
100491,1004,BUS-BUAP-02,10.00,2026-04-15 13:18:49,NINGUNA
100311,1002,BUS-TEC-01,6.00,2026-04-15 13:24:10,TEC DE MONTERREY
100630,1002,BUS-TEC-01,6.00,2026-04-15 13:45:37,TEC DE MONTERREY
101191,1001,BUS-BUAP-02,5.00,2026-04-15 14:19:33,BUAP
100422,1003,BUS-IPN-02,5.50,2026-04-15 14:51:48,IPN
100688,1004,BUS-BUAP-01,10.00,2026-04-15 14:55:03,NINGUNA
101359,1003,BUS-IPN-01,5.50,2026-04-15 16:44:38,IPN
100603,1002,BUS-TEC-01,6.00,2026-04-15 19:35:37,TEC DE MONTERREY
100503,1001,BUS-BUAP-01,5.00,2026-04-16 07:31:40,BUAP
101050,1004,BUS-IPN-01,10.00,2026-04-16 08:07:53,NINGUNA
100556,1001,BUS-BUAP-02,5.00,2026-04-16 08:14:31,BUAP
100316,1001,BUS-BUAP-01,5.00,2026-04-16 08:15:01,BUAP
100160,1004,BUS-IPN-01,10.00,2026-04-16 08:19:28,NINGUNA
100567,1003,BUS-IPN-02,5.50,2026-04-16 08:24:48,IPN
101447,1001,BUS-BUAP-01,5.00,2026-04-16 08:46:54,BUAP
100837,1001,BUS-BUAP-02,5.00,2026-04-16 08:52:49,BUAP
101376,1003,BUS-IPN-01,5.50,2026-04-16 08:59:28,IPN
100946,1004,BUS-TEC-02,10.00,2026-04-16 12:35:00,NINGUNA
100822,1001,BUS-BUAP-01,5.00,2026-04-16 13:13:56,BUAP
100558,1003,BUS-IPN-02,5.50,2026-04-16 13:18:11,IPN
100495,1004,BUS-IPN-02,10.00,2026-04-16 13:26:08,NINGUNA
100175,1001,BUS-BUAP-02,5.00,2026-04-16 13:27:50,BUAP
100327,1004,BUS-TEC-01,10.00,2026-04-16 13:37:56,NINGUNA
101499,1003,BUS-IPN-01,5.50,2026-04-16 13:40:26,IPN
101356,1001,BUS-BUAP-02,5.00,2026-04-16 14:09:45,BUAP
100420,1004,BUS-IPN-01,10.00,2026-04-16 14:10:31,NINGUNA
100159,1002,BUS-TEC-02,6.00,2026-04-16 14:32:15,TEC DE MONTERREY
100233,1002,BUS-TEC-01,6.00,2026-04-16 16:11:09,TEC DE MONTERREY
101437,1003,BUS-IPN-01,5.50,2026-04-16 18:08:09,IPN
101155,1003,BUS-IPN-01,5.50,2026-04-16 19:15:58,IPN
101023,1001,BUS-BUAP-02,5.00,2026-04-16 19:48:18,BUAP
101490,1001,BUS-BUAP-01,5.00,2026-04-16 19:58:32,BUAP
100993,1002,BUS-TEC-02,6.00,2026-04-17 06:18:50,TEC DE MONTERREY
101393,1002,BUS-TEC-02,6.00,2026-04-17 07:00:17,TEC DE MONTERREY
100227,1004,BUS-IPN-02,10.00,2026-04-17 07:12:23,NINGUNA
100387,1004,BUS-IPN-02,10.00,2026-04-17 07:19:01,NINGUNA
100305,1002,BUS-TEC-02,6.00,2026-04-17 07:36:38,TEC DE MONTERREY
101002,1004,BUS-IPN-02,10.00,2026-04-17 07:45:28,NINGUNA
100022,1004,BUS-TEC-01,10.00,2026-04-17 07:51:17,NINGUNA
100285,1002,BUS-TEC-01,6.00,2026-04-17 08:54:15,TEC DE MONTERREY
100310,1001,BUS-BUAP-02,5.00,2026-04-17 08:58:21,BUAP
101135,1002,BUS-TEC-01,6.00,2026-04-17 10:10:22,TEC DE MONTERREY
101069,1004,BUS-BUAP-01,10.00,2026-04-17 13:13:51,NINGUNA
101073,1001,BUS-BUAP-02,5.00,2026-04-17 13:17:47,BUAP
100636,1002,BUS-TEC-02,6.00,2026-04-17 13:38:45,TEC DE MONTERREY
101041,1003,BUS-IPN-01,5.50,2026-04-17 14:03:06,IPN
100010,1001,BUS-BUAP-01,5.00,2026-04-17 14:08:37,BUAP
100974,1001,BUS-BUAP-02,5.00,2026-04-17 14:13:17,BUAP
100695,1004,BUS-IPN-02,10.00,2026-04-17 14:25:24,NINGUNA
101080,1002,BUS-TEC-02,6.00,2026-04-17 14:27:32,TEC DE MONTERREY
100706,1001,BUS-BUAP-01,5.00,2026-04-17 14:27:42,BUAP
100228,1004,BUS-TEC-01,10.00,2026-04-17 14:33:29,NINGUNA
100978,1003,BUS-IPN-02,5.50,2026-04-17 14:36:15,IPN
100585,1003,BUS-IPN-02,5.50,2026-04-17 14:36:50,IPN
100206,1001,BUS-BUAP-01,5.00,2026-04-17 14:53:39,BUAP
100758,1003,BUS-IPN-01,5.50,2026-04-17 14:55:34,IPN
100397,1002,BUS-TEC-02,6.00,2026-04-17 17:33:25,TEC DE MONTERREY
101161,1001,BUS-BUAP-01,5.00,2026-04-17 18:06:46,BUAP
100619,1003,BUS-IPN-02,5.50,2026-04-17 19:04:43,IPN
101332,1003,BUS-IPN-02,5.50,2026-04-18 07:09:44,IPN
100608,1002,BUS-TEC-02,6.00,2026-04-18 07:16:15,TEC DE MONTERREY
100359,1002,BUS-TEC-01,6.00,2026-04-18 07:20:07,TEC DE MONTERREY
100746,1002,BUS-TEC-01,6.00,2026-04-18 07:27:52,TEC DE MONTERREY
100451,1002,BUS-TEC-02,6.00,2026-04-18 07:41:39,TEC DE MONTERREY
101258,1003,BUS-IPN-02,5.50,2026-04-18 07:52:45,IPN
100186,1002,BUS-TEC-01,6.00,2026-04-18 08:01:51,TEC DE MONTERREY
100479,1002,BUS-TEC-02,6.00,2026-04-18 08:13:28,TEC DE MONTERREY
100659,1001,BUS-BUAP-02,5.00,2026-04-18 08:26:38,BUAP
100488,1003,BUS-IPN-02,5.50,2026-04-18 08:31:46,IPN
100329,1003,BUS-IPN-02,5.50,2026-04-18 08:42:54,IPN
100842,1003,BUS-IPN-01,5.50,2026-04-18 08:50:38,IPN
101483,1001,BUS-BUAP-01,5.00,2026-04-18 08:52:56,BUAP
100043,1004,BUS-IPN-02,10.00,2026-04-18 08:55:43,NINGUNA
101265,1004,BUS-IPN-01,10.00,2026-04-18 08:58:07,NINGUNA
100426,1001,BUS-BUAP-01,5.00,2026-04-18 13:23:36,BUAP
101043,1002,BUS-TEC-01,6.00,2026-04-18 13:33:18,TEC DE MONTERREY
101476,1004,BUS-TEC-02,10.00,2026-04-18 13:59:30,NINGUNA
100779,1004,BUS-IPN-02,10.00,2026-04-18 14:09:14,NINGUNA
100466,1001,BUS-BUAP-02,5.00,2026-04-18 14:37:15,BUAP
100607,1002,BUS-TEC-02,6.00,2026-04-18 14:53:31,TEC DE MONTERREY
101164,1001,BUS-BUAP-02,5.00,2026-04-18 14:57:25,BUAP
101244,1003,BUS-IPN-01,5.50,2026-04-18 18:55:40,IPN
100179,1001,BUS-BUAP-01,5.00,2026-04-18 18:57:31,BUAP
101010,1004,BUS-IPN-02,10.00,2026-04-18 19:45:57,NINGUNA
100712,1002,BUS-TEC-01,6.00,2026-04-19 07:08:45,TEC DE MONTERREY
100455,1001,BUS-BUAP-02,5.00,2026-04-19 07:31:38,BUAP
100391,1003,BUS-IPN-01,5.50,2026-04-19 07:40:45,IPN
100207,1002,BUS-TEC-02,6.00,2026-04-19 07:56:23,TEC DE MONTERREY
100781,1001,BUS-BUAP-01,5.00,2026-04-19 07:59:02,BUAP
100472,1002,BUS-TEC-02,6.00,2026-04-19 08:01:10,TEC DE MONTERREY
101240,1003,BUS-IPN-02,5.50,2026-04-19 08:01:24,IPN
100414,1002,BUS-TEC-01,6.00,2026-04-19 08:13:16,TEC DE MONTERREY
101165,1003,BUS-IPN-01,5.50,2026-04-19 08:18:10,IPN
100841,1003,BUS-IPN-01,5.50,2026-04-19 08:27:21,IPN
100232,1003,BUS-IPN-02,5.50,2026-04-19 08:30:00,IPN
101335,1001,BUS-BUAP-01,5.00,2026-04-19 08:32:01,BUAP
101362,1002,BUS-TEC-02,6.00,2026-04-19 08:41:53,TEC DE MONTERREY
100006,1004,BUS-IPN-01,10.00,2026-04-19 12:48:15,NINGUNA
101315,1002,BUS-TEC-01,6.00,2026-04-19 12:59:45,TEC DE MONTERREY
101224,1001,BUS-BUAP-01,5.00,2026-04-19 13:01:14,BUAP
100531,1003,BUS-IPN-02,5.50,2026-04-19 13:40:02,IPN
100883,1003,BUS-IPN-02,5.50,2026-04-19 13:54:09,IPN
100031,1002,BUS-TEC-01,6.00,2026-04-19 13:54:48,TEC DE MONTERREY
101297,1003,BUS-IPN-02,5.50,2026-04-19 13:56:43,IPN
101059,1003,BUS-IPN-02,5.50,2026-04-19 13:57:42,IPN
100827,1003,BUS-IPN-02,5.50,2026-04-19 14:18:38,IPN
100244,1003,BUS-IPN-02,5.50,2026-04-19 14:50:14,IPN
101287,1001,BUS-BUAP-01,5.00,2026-04-19 14:54:51,BUAP
100840,1002,BUS-TEC-02,6.00,2026-04-19 18:16:21,TEC DE MONTERREY
100580,1003,BUS-IPN-01,5.50,2026-04-19 18:37:34,IPN
101207,1002,BUS-TEC-01,6.00,2026-04-19 18:53:56,TEC DE MONTERREY
100497,1001,BUS-BUAP-01,5.00,2026-04-19 19:37:21,BUAP
101294,1001,BUS-BUAP-02,5.00,2026-04-20 07:12:42,BUAP
100743,1002,BUS-TEC-02,6.00,2026-04-20 07:22:11,TEC DE MONTERREY
100825,1001,BUS-BUAP-01,5.00,2026-04-20 07:26:01,BUAP
100605,1003,BUS-IPN-01,5.50,2026-04-20 07:30:45,IPN
100830,1002,BUS-TEC-02,6.00,2026-04-20 07:48:16,TEC DE MONTERREY
100894,1004,BUS-TEC-02,10.00,2026-04-20 07:54:13,NINGUNA
100303,1001,BUS-BUAP-02,5.00,2026-04-20 08:07:26,BUAP
100701,1003,BUS-IPN-02,5.50,2026-04-20 08:21:42,IPN
101471,1003,BUS-IPN-02,5.50,2026-04-20 08:26:30,IPN
100480,1003,BUS-IPN-02,5.50,2026-04-20 08:32:14,IPN
101417,1003,BUS-IPN-02,5.50,2026-04-20 08:39:09,IPN
100808,1002,BUS-TEC-02,6.00,2026-04-20 08:40:05,TEC DE MONTERREY
100266,1002,BUS-TEC-02,6.00,2026-04-20 08:54:04,TEC DE MONTERREY
100676,1003,BUS-IPN-02,5.50,2026-04-20 08:54:34,IPN
100172,1004,BUS-IPN-01,10.00,2026-04-20 08:57:52,NINGUNA
100176,1003,BUS-IPN-01,5.50,2026-04-20 08:59:21,IPN
100293,1003,BUS-IPN-01,5.50,2026-04-20 10:24:41,IPN
100807,1004,BUS-BUAP-01,10.00,2026-04-20 12:07:28,NINGUNA
100092,1003,BUS-IPN-01,5.50,2026-04-20 13:25:28,IPN
100897,1001,BUS-BUAP-01,5.00,2026-04-20 13:37:00,BUAP
100283,1003,BUS-IPN-02,5.50,2026-04-20 13:57:49,IPN
101495,1001,BUS-BUAP-01,5.00,2026-04-20 14:20:27,BUAP
101121,1004,BUS-BUAP-02,10.00,2026-04-20 14:25:30,NINGUNA
100544,1003,BUS-IPN-01,5.50,2026-04-20 14:27:48,IPN
100011,1002,BUS-TEC-02,6.00,2026-04-20 14:30:24,TEC DE MONTERREY
100302,1004,BUS-TEC-01,10.00,2026-04-20 14:53:07,NINGUNA
101339,1003,BUS-IPN-02,5.50,2026-04-20 14:59:04,IPN
101116,1001,BUS-BUAP-02,5.00,2026-04-20 18:20:34,BUAP
101064,1003,BUS-IPN-02,5.50,2026-04-20 18:50:30,IPN
101328,1001,BUS-BUAP-01,5.00,2026-04-20 19:27:58,BUAP
101111,1003,BUS-IPN-01,5.50,2026-04-20 19:53:07,IPN
100413,1004,BUS-TEC-01,10.00,2026-04-20 20:56:17,NINGUNA
100716,1004,BUS-IPN-02,10.00,2026-04-21 07:07:55,NINGUNA
101084,1002,BUS-TEC-02,6.00,2026-04-21 07:10:47,TEC DE MONTERREY
100699,1001,BUS-BUAP-01,5.00,2026-04-21 07:30:02,BUAP
100366,1003,BUS-IPN-02,5.50,2026-04-21 07:41:45,IPN
100220,1004,BUS-TEC-02,10.00,2026-04-21 07:43:59,NINGUNA
101383,1002,BUS-TEC-01,6.00,2026-04-21 07:53:56,TEC DE MONTERREY
100199,1001,BUS-BUAP-02,5.00,2026-04-21 08:01:27,BUAP
100436,1004,BUS-TEC-01,10.00,2026-04-21 08:01:32,NINGUNA
101353,1002,BUS-TEC-02,6.00,2026-04-21 08:04:13,TEC DE MONTERREY
100390,1004,BUS-BUAP-01,10.00,2026-04-21 08:14:46,NINGUNA
100859,1004,BUS-TEC-02,10.00,2026-04-21 08:32:44,NINGUNA
101031,1002,BUS-TEC-02,6.00,2026-04-21 08:34:51,TEC DE MONTERREY
100325,1004,BUS-IPN-01,10.00,2026-04-21 08:49:02,NINGUNA
100575,1004,BUS-IPN-01,10.00,2026-04-21 08:58:08,NINGUNA
100650,1003,BUS-IPN-02,5.50,2026-04-21 13:07:59,IPN
101371,1001,BUS-BUAP-01,5.00,2026-04-21 13:16:27,BUAP
100121,1002,BUS-TEC-01,6.00,2026-04-21 13:21:05,TEC DE MONTERREY
100138,1001,BUS-BUAP-01,5.00,2026-04-21 13:39:48,BUAP
101318,1001,BUS-BUAP-01,5.00,2026-04-21 13:49:31,BUAP
100638,1003,BUS-IPN-02,5.50,2026-04-21 18:42:20,IPN
100632,1001,BUS-BUAP-01,5.00,2026-04-21 21:13:47,BUAP
101272,1002,BUS-TEC-02,6.00,2026-04-22 07:00:13,TEC DE MONTERREY
100405,1003,BUS-IPN-02,5.50,2026-04-22 07:12:16,IPN
100306,1002,BUS-TEC-01,6.00,2026-04-22 07:16:13,TEC DE MONTERREY
100523,1002,BUS-TEC-01,6.00,2026-04-22 07:18:46,TEC DE MONTERREY
101436,1004,BUS-BUAP-02,10.00,2026-04-22 08:02:27,NINGUNA
101338,1002,BUS-TEC-02,6.00,2026-04-22 08:04:44,TEC DE MONTERREY
101307,1002,BUS-TEC-01,6.00,2026-04-22 08:09:05,TEC DE MONTERREY
100823,1002,BUS-TEC-02,6.00,2026-04-22 08:12:18,TEC DE MONTERREY
101119,1003,BUS-IPN-01,5.50,2026-04-22 08:16:44,IPN
100985,1002,BUS-TEC-02,6.00,2026-04-22 08:52:36,TEC DE MONTERREY
100846,1001,BUS-BUAP-01,5.00,2026-04-22 13:07:20,BUAP
100533,1003,BUS-IPN-02,5.50,2026-04-22 13:36:49,IPN
100724,1001,BUS-BUAP-01,5.00,2026-04-22 13:38:01,BUAP
100651,1001,BUS-BUAP-02,5.00,2026-04-22 13:56:47,BUAP
100997,1001,BUS-BUAP-01,5.00,2026-04-22 14:04:55,BUAP
100635,1002,BUS-TEC-02,6.00,2026-04-22 14:11:01,TEC DE MONTERREY
101013,1001,BUS-BUAP-02,5.00,2026-04-22 14:15:24,BUAP
100013,1001,BUS-BUAP-02,5.00,2026-04-22 14:16:46,BUAP
100657,1002,BUS-TEC-02,6.00,2026-04-22 14:23:32,TEC DE MONTERREY
100066,1002,BUS-TEC-01,6.00,2026-04-22 14:28:48,TEC DE MONTERREY
101390,1004,BUS-TEC-02,10.00,2026-04-22 14:46:10,NINGUNA
100286,1003,BUS-IPN-02,5.50,2026-04-22 14:52:30,IPN
101391,1002,BUS-TEC-01,6.00,2026-04-22 19:21:00,TEC DE MONTERREY
101369,1001,BUS-BUAP-01,5.00,2026-04-22 21:08:37,BUAP
101263,1002,BUS-TEC-02,6.00,2026-04-22 21:45:07,TEC DE MONTERREY
101269,1001,BUS-BUAP-02,5.00,2026-04-23 07:23:11,BUAP
101096,1001,BUS-BUAP-02,5.00,2026-04-23 07:27:25,BUAP
100496,1001,BUS-BUAP-02,5.00,2026-04-23 07:48:38,BUAP
100469,1004,BUS-IPN-02,10.00,2026-04-23 07:50:03,NINGUNA
100678,1003,BUS-IPN-02,5.50,2026-04-23 07:56:02,IPN
100884,1003,BUS-IPN-01,5.50,2026-04-23 07:58:29,IPN
101491,1003,BUS-IPN-02,5.50,2026-04-23 08:45:22,IPN
100670,1004,BUS-TEC-01,10.00,2026-04-23 08:45:54,NINGUNA
100786,1004,BUS-TEC-01,10.00,2026-04-23 08:55:59,NINGUNA
100711,1002,BUS-TEC-02,6.00,2026-04-23 10:23:16,TEC DE MONTERREY
100954,1003,BUS-IPN-02,5.50,2026-04-23 12:05:20,IPN
100249,1003,BUS-IPN-01,5.50,2026-04-23 12:06:18,IPN
100697,1004,BUS-TEC-02,10.00,2026-04-23 13:10:56,NINGUNA
101006,1001,BUS-BUAP-02,5.00,2026-04-23 13:14:41,BUAP
100132,1004,BUS-IPN-02,10.00,2026-04-23 13:20:09,NINGUNA
101463,1002,BUS-TEC-02,6.00,2026-04-23 13:35:59,TEC DE MONTERREY
100423,1004,BUS-BUAP-02,10.00,2026-04-23 13:36:52,NINGUNA
101208,1004,BUS-BUAP-02,10.00,2026-04-23 14:09:21,NINGUNA
100649,1003,BUS-IPN-01,5.50,2026-04-23 14:36:05,IPN
100923,1004,BUS-IPN-01,10.00,2026-04-24 07:04:55,NINGUNA
100818,1001,BUS-BUAP-02,5.00,2026-04-24 07:04:57,BUAP
100740,1002,BUS-TEC-01,6.00,2026-04-24 07:20:43,TEC DE MONTERREY
100288,1004,BUS-IPN-01,10.00,2026-04-24 07:20:56,NINGUNA
101219,1001,BUS-BUAP-02,5.00,2026-04-24 07:26:35,BUAP
100086,1003,BUS-IPN-01,5.50,2026-04-24 07:30:09,IPN
100838,1002,BUS-TEC-02,6.00,2026-04-24 07:42:10,TEC DE MONTERREY
100598,1001,BUS-BUAP-01,5.00,2026-04-24 08:16:02,BUAP
100938,1001,BUS-BUAP-02,5.00,2026-04-24 08:35:46,BUAP
100131,1004,BUS-IPN-02,10.00,2026-04-24 08:45:03,NINGUNA
100562,1002,BUS-TEC-01,6.00,2026-04-24 08:54:18,TEC DE MONTERREY
100200,1003,BUS-IPN-02,5.50,2026-04-24 10:24:44,IPN
101197,1002,BUS-TEC-02,6.00,2026-04-24 13:07:37,TEC DE MONTERREY
101345,1001,BUS-BUAP-01,5.00,2026-04-24 13:12:27,BUAP
100499,1003,BUS-IPN-02,5.50,2026-04-24 13:35:49,IPN
100967,1002,BUS-TEC-02,6.00,2026-04-24 13:49:44,TEC DE MONTERREY
100354,1001,BUS-BUAP-02,5.00,2026-04-24 14:03:56,BUAP
100686,1001,BUS-BUAP-02,5.00,2026-04-24 14:38:56,BUAP
100394,1004,BUS-BUAP-02,10.00,2026-04-24 14:48:19,NINGUNA
100221,1002,BUS-TEC-01,6.00,2026-04-24 15:50:40,TEC DE MONTERREY
100106,1004,BUS-BUAP-02,10.00,2026-04-24 18:35:35,NINGUNA
100408,1004,BUS-BUAP-02,10.00,2026-04-24 19:11:19,NINGUNA
101293,1004,BUS-TEC-01,10.00,2026-04-24 19:12:25,NINGUNA
101410,1003,BUS-IPN-02,5.50,2026-04-24 19:46:30,IPN
100287,1002,BUS-TEC-01,6.00,2026-04-25 07:05:14,TEC DE MONTERREY
100918,1001,BUS-BUAP-02,5.00,2026-04-25 07:43:13,BUAP
100222,1002,BUS-TEC-02,6.00,2026-04-25 07:46:32,TEC DE MONTERREY
101472,1002,BUS-TEC-01,6.00,2026-04-25 07:59:39,TEC DE MONTERREY
101044,1003,BUS-IPN-01,5.50,2026-04-25 08:30:34,IPN
101056,1004,BUS-IPN-02,10.00,2026-04-25 08:36:19,NINGUNA
100139,1004,BUS-BUAP-01,10.00,2026-04-25 08:39:53,NINGUNA
101106,1001,BUS-BUAP-01,5.00,2026-04-25 08:46:16,BUAP
101087,1001,BUS-BUAP-02,5.00,2026-04-25 13:08:49,BUAP
101303,1003,BUS-IPN-02,5.50,2026-04-25 13:17:31,IPN
101449,1004,BUS-BUAP-01,10.00,2026-04-25 13:29:05,NINGUNA
100579,1001,BUS-BUAP-01,5.00,2026-04-25 13:49:38,BUAP
100248,1001,BUS-BUAP-01,5.00,2026-04-25 14:04:27,BUAP
100664,1002,BUS-TEC-01,6.00,2026-04-25 14:11:03,TEC DE MONTERREY
101034,1004,BUS-IPN-01,10.00,2026-04-25 14:17:41,NINGUNA
100981,1003,BUS-IPN-02,5.50,2026-04-25 14:24:02,IPN
101180,1002,BUS-TEC-02,6.00,2026-04-25 14:41:00,TEC DE MONTERREY
101302,1002,BUS-TEC-01,6.00,2026-04-25 14:44:27,TEC DE MONTERREY
101079,1003,BUS-IPN-01,5.50,2026-04-25 14:45:27,IPN
100245,1001,BUS-BUAP-01,5.00,2026-04-25 14:46:51,BUAP
100856,1004,BUS-IPN-02,10.00,2026-04-25 14:51:29,NINGUNA
101261,1001,BUS-BUAP-01,5.00,2026-04-25 17:50:29,BUAP
101385,1002,BUS-TEC-01,6.00,2026-04-25 19:22:40,TEC DE MONTERREY
100921,1002,BUS-TEC-01,6.00,2026-04-25 19:30:08,TEC DE MONTERREY
100105,1004,BUS-BUAP-01,10.00,2026-04-25 19:34:09,NINGUNA
100770,1004,BUS-TEC-01,10.00,2026-04-25 19:56:24,NINGUNA
101286,1004,BUS-BUAP-02,10.00,2026-04-25 20:58:16,NINGUNA
100319,1002,BUS-TEC-01,6.00,2026-04-26 07:07:45,TEC DE MONTERREY
101168,1003,BUS-IPN-02,5.50,2026-04-26 07:14:57,IPN
101400,1002,BUS-TEC-01,6.00,2026-04-26 07:24:25,TEC DE MONTERREY
100755,1003,BUS-IPN-02,5.50,2026-04-26 07:27:53,IPN
101166,1003,BUS-IPN-02,5.50,2026-04-26 07:28:08,IPN
100434,1003,BUS-IPN-02,5.50,2026-04-26 07:35:39,IPN
100559,1001,BUS-BUAP-01,5.00,2026-04-26 07:43:00,BUAP
100290,1003,BUS-IPN-01,5.50,2026-04-26 08:14:37,IPN
100789,1001,BUS-BUAP-02,5.00,2026-04-26 08:25:20,BUAP
101038,1001,BUS-BUAP-02,5.00,2026-04-26 08:50:50,BUAP
100328,1002,BUS-TEC-02,6.00,2026-04-26 13:08:26,TEC DE MONTERREY
100226,1002,BUS-TEC-02,6.00,2026-04-26 13:15:00,TEC DE MONTERREY
100255,1004,BUS-TEC-01,10.00,2026-04-26 13:23:41,NINGUNA
101306,1004,BUS-BUAP-02,10.00,2026-04-26 13:45:11,NINGUNA
100709,1003,BUS-IPN-02,5.50,2026-04-26 14:01:06,IPN
101292,1004,BUS-BUAP-01,10.00,2026-04-26 14:25:19,NINGUNA
100748,1002,BUS-TEC-01,6.00,2026-04-26 14:32:14,TEC DE MONTERREY
101188,1002,BUS-TEC-02,6.00,2026-04-26 14:43:54,TEC DE MONTERREY
100798,1002,BUS-TEC-02,6.00,2026-04-26 18:27:04,TEC DE MONTERREY
101026,1001,BUS-BUAP-01,5.00,2026-04-26 19:39:01,BUAP
100165,1004,BUS-IPN-01,10.00,2026-04-27 06:28:14,NINGUNA
101271,1003,BUS-IPN-01,5.50,2026-04-27 07:05:13,IPN
100231,1003,BUS-IPN-02,5.50,2026-04-27 07:06:48,IPN
101246,1003,BUS-IPN-02,5.50,2026-04-27 07:10:14,IPN
100178,1004,BUS-TEC-01,10.00,2026-04-27 07:10:53,NINGUNA
100668,1001,BUS-BUAP-02,5.00,2026-04-27 07:28:50,BUAP
100705,1004,BUS-IPN-02,10.00,2026-04-27 07:48:03,NINGUNA
101060,1001,BUS-BUAP-01,5.00,2026-04-27 07:58:20,BUAP
100261,1004,BUS-IPN-01,10.00,2026-04-27 08:09:40,NINGUNA
100372,1002,BUS-TEC-02,6.00,2026-04-27 08:41:52,TEC DE MONTERREY
101192,1002,BUS-TEC-01,6.00,2026-04-27 08:51:05,TEC DE MONTERREY
101005,1003,BUS-IPN-01,5.50,2026-04-27 13:01:20,IPN
100118,1002,BUS-TEC-02,6.00,2026-04-27 13:45:48,TEC DE MONTERREY
100385,1004,BUS-TEC-02,10.00,2026-04-27 14:00:27,NINGUNA
101273,1004,BUS-IPN-02,10.00,2026-04-27 14:10:58,NINGUNA
101004,1001,BUS-BUAP-02,5.00,2026-04-27 14:24:23,BUAP
100343,1003,BUS-IPN-01,5.50,2026-04-27 14:30:15,IPN
100729,1001,BUS-BUAP-02,5.00,2026-04-27 14:31:50,BUAP
100904,1001,BUS-BUAP-02,5.00,2026-04-27 18:07:52,BUAP
100147,1004,BUS-TEC-01,10.00,2026-04-27 18:16:59,NINGUNA
100110,1004,BUS-TEC-02,10.00,2026-04-27 19:42:08,NINGUNA
101114,1003,BUS-IPN-02,5.50,2026-04-28 06:17:25,IPN
100941,1001,BUS-BUAP-01,5.00,2026-04-28 07:18:33,BUAP
101067,1003,BUS-IPN-02,5.50,2026-04-28 07:26:29,IPN
100994,1001,BUS-BUAP-01,5.00,2026-04-28 07:34:49,BUAP
100878,1002,BUS-TEC-02,6.00,2026-04-28 07:43:14,TEC DE MONTERREY
101290,1002,BUS-TEC-02,6.00,2026-04-28 07:52:36,TEC DE MONTERREY
101204,1001,BUS-BUAP-02,5.00,2026-04-28 07:55:08,BUAP
100467,1002,BUS-TEC-02,6.00,2026-04-28 08:37:28,TEC DE MONTERREY
100444,1002,BUS-TEC-01,6.00,2026-04-28 13:02:10,TEC DE MONTERREY
101441,1002,BUS-TEC-01,6.00,2026-04-28 13:23:15,TEC DE MONTERREY
100383,1004,BUS-TEC-01,10.00,2026-04-28 14:01:11,NINGUNA
101266,1001,BUS-BUAP-01,5.00,2026-04-28 14:25:22,BUAP
100513,1001,BUS-BUAP-01,5.00,2026-04-28 14:36:27,BUAP
101160,1003,BUS-IPN-01,5.50,2026-04-28 14:38:38,IPN
100406,1003,BUS-IPN-01,5.50,2026-04-28 14:39:51,IPN
100804,1004,BUS-TEC-02,10.00,2026-04-28 14:51:18,NINGUNA
101382,1004,BUS-TEC-02,10.00,2026-04-28 18:03:16,NINGUNA
100972,1002,BUS-TEC-02,6.00,2026-04-28 20:16:46,TEC DE MONTERREY
101317,1002,BUS-TEC-01,6.00,2026-04-28 21:31:21,TEC DE MONTERREY
100502,1004,BUS-TEC-02,10.00,2026-04-29 07:00:44,NINGUNA
100932,1001,BUS-BUAP-01,5.00,2026-04-29 07:46:21,BUAP
100969,1003,BUS-IPN-01,5.50,2026-04-29 07:51:23,IPN
101242,1002,BUS-TEC-01,6.00,2026-04-29 07:54:28,TEC DE MONTERREY
100836,1001,BUS-BUAP-01,5.00,2026-04-29 08:42:30,BUAP
101340,1002,BUS-TEC-01,6.00,2026-04-29 08:58:35,TEC DE MONTERREY
100260,1003,BUS-IPN-02,5.50,2026-04-29 13:05:25,IPN
101086,1002,BUS-TEC-01,6.00,2026-04-29 13:10:08,TEC DE MONTERREY
100654,1004,BUS-TEC-02,10.00,2026-04-29 13:36:43,NINGUNA
100289,1001,BUS-BUAP-01,5.00,2026-04-29 13:52:06,BUAP
101409,1003,BUS-IPN-02,5.50,2026-04-29 13:57:11,IPN
101241,1001,BUS-BUAP-02,5.00,2026-04-29 14:34:26,BUAP
100379,1003,BUS-IPN-02,5.50,2026-04-29 14:38:00,IPN
100913,1002,BUS-TEC-01,6.00,2026-04-29 14:46:35,TEC DE MONTERREY
101381,1001,BUS-BUAP-02,5.00,2026-04-29 14:56:13,BUAP
101099,1002,BUS-TEC-02,6.00,2026-04-29 18:03:16,TEC DE MONTERREY
100875,1003,BUS-IPN-01,5.50,2026-04-29 18:35:44,IPN
101020,1004,BUS-TEC-01,10.00,2026-04-29 18:44:27,NINGUNA
101429,1003,BUS-IPN-02,5.50,2026-04-29 19:06:34,IPN
101448,1003,BUS-IPN-01,5.50,2026-04-29 19:16:26,IPN
101037,1002,BUS-TEC-01,6.00,2026-04-29 19:16:56,TEC DE MONTERREY
100510,1001,BUS-BUAP-01,5.00,2026-04-29 19:54:21,BUAP
100968,1001,BUS-BUAP-01,5.00,2026-04-29 20:35:07,BUAP
100774,1003,BUS-IPN-02,5.50,2026-04-30 07:07:17,IPN
101253,1003,BUS-IPN-01,5.50,2026-04-30 07:11:26,IPN
100045,1002,BUS-TEC-01,6.00,2026-04-30 07:26:37,TEC DE MONTERREY
100038,1003,BUS-IPN-02,5.50,2026-04-30 07:28:51,IPN
101202,1002,BUS-TEC-01,6.00,2026-04-30 07:29:03,TEC DE MONTERREY
100973,1001,BUS-BUAP-02,5.00,2026-04-30 07:38:21,BUAP
101260,1004,BUS-BUAP-02,10.00,2026-04-30 07:38:43,NINGUNA
100537,1001,BUS-BUAP-01,5.00,2026-04-30 08:03:01,BUAP
100407,1003,BUS-IPN-01,5.50,2026-04-30 08:12:19,IPN
100979,1004,BUS-BUAP-01,10.00,2026-04-30 08:12:57,NINGUNA
101468,1002,BUS-TEC-01,6.00,2026-04-30 08:13:03,TEC DE MONTERREY
100041,1004,BUS-TEC-02,10.00,2026-04-30 08:32:50,NINGUNA
101100,1003,BUS-IPN-01,5.50,2026-04-30 08:41:00,IPN
101234,1001,BUS-BUAP-02,5.00,2026-04-30 08:46:45,BUAP
101017,1004,BUS-IPN-02,10.00,2026-04-30 13:20:25,NINGUNA
100084,1003,BUS-IPN-01,5.50,2026-04-30 13:38:23,IPN
100996,1002,BUS-TEC-02,6.00,2026-04-30 13:53:58,TEC DE MONTERREY
100714,1004,BUS-TEC-02,10.00,2026-04-30 13:54:38,NINGUNA
100188,1002,BUS-TEC-01,6.00,2026-04-30 13:55:00,TEC DE MONTERREY
101108,1001,BUS-BUAP-02,5.00,2026-04-30 13:57:34,BUAP
100417,1003,BUS-IPN-02,5.50,2026-04-30 14:49:23,IPN
100571,1001,BUS-BUAP-01,5.00,2026-04-30 16:40:30,BUAP
100350,1001,BUS-BUAP-01,5.00,2026-04-30 17:06:40,BUAP
100857,1004,BUS-TEC-01,10.00,2026-04-30 18:44:22,NINGUNA
100643,1001,BUS-BUAP-02,5.00,2026-04-30 19:35:30,BUAP
100093,1004,BUS-BUAP-01,10.00,2026-04-30 19:51:19,NINGUNA
101127,1003,BUS-IPN-02,5.50,2026-04-30 19:53:54,IPN
100427,1001,BUS-BUAP-01,5.00,2026-04-30 19:54:56,BUAP
101493,1002,BUS-TEC-01,6.00,2026-05-01 06:38:58,TEC DE MONTERREY
100852,1004,BUS-IPN-01,10.00,2026-05-01 07:13:03,NINGUNA
100835,1004,BUS-IPN-02,10.00,2026-05-01 07:13:24,NINGUNA
101082,1001,BUS-BUAP-02,5.00,2026-05-01 07:19:07,BUAP
101027,1003,BUS-IPN-01,5.50,2026-05-01 07:21:57,IPN
100879,1002,BUS-TEC-02,6.00,2026-05-01 07:23:23,TEC DE MONTERREY
100535,1003,BUS-IPN-01,5.50,2026-05-01 07:27:28,IPN
100389,1002,BUS-TEC-02,6.00,2026-05-01 07:32:25,TEC DE MONTERREY
101054,1003,BUS-IPN-01,5.50,2026-05-01 07:49:47,IPN
100652,1003,BUS-IPN-01,5.50,2026-05-01 07:59:07,IPN
100684,1002,BUS-TEC-01,6.00,2026-05-01 08:01:04,TEC DE MONTERREY
100568,1002,BUS-TEC-02,6.00,2026-05-01 08:35:59,TEC DE MONTERREY
101320,1003,BUS-IPN-02,5.50,2026-05-01 08:42:39,IPN
101479,1002,BUS-TEC-01,6.00,2026-05-01 08:48:38,TEC DE MONTERREY
101236,1004,BUS-IPN-01,10.00,2026-05-01 08:54:50,NINGUNA
101295,1002,BUS-TEC-02,6.00,2026-05-01 10:51:47,TEC DE MONTERREY
100881,1004,BUS-IPN-02,10.00,2026-05-01 13:17:59,NINGUNA
100871,1004,BUS-IPN-01,10.00,2026-05-01 13:20:02,NINGUNA
101289,1004,BUS-TEC-02,10.00,2026-05-01 13:32:36,NINGUNA
100971,1002,BUS-TEC-02,6.00,2026-05-01 14:40:46,TEC DE MONTERREY
100933,1002,BUS-TEC-01,6.00,2026-05-01 16:31:20,TEC DE MONTERREY
100278,1003,BUS-IPN-01,5.50,2026-05-01 19:12:57,IPN
100592,1004,BUS-IPN-02,10.00,2026-05-02 06:32:14,NINGUNA
100539,1001,BUS-BUAP-02,5.00,2026-05-02 07:07:23,BUAP
100435,1003,BUS-IPN-01,5.50,2026-05-02 07:24:09,IPN
100254,1002,BUS-TEC-01,6.00,2026-05-02 07:50:51,TEC DE MONTERREY
101058,1004,BUS-BUAP-01,10.00,2026-05-02 08:00:49,NINGUNA
101388,1003,BUS-IPN-02,5.50,2026-05-02 08:22:22,IPN
101152,1004,BUS-IPN-01,10.00,2026-05-02 08:53:35,NINGUNA
100584,1004,BUS-IPN-01,10.00,2026-05-02 12:34:33,NINGUNA
100887,1004,BUS-BUAP-01,10.00,2026-05-02 13:10:26,NINGUNA
100501,1003,BUS-IPN-01,5.50,2026-05-02 13:25:05,IPN
100454,1001,BUS-BUAP-01,5.00,2026-05-02 13:25:12,BUAP
101283,1004,BUS-TEC-01,10.00,2026-05-02 13:40:21,NINGUNA
100158,1001,BUS-BUAP-01,5.00,2026-05-02 14:00:35,BUAP
101497,1003,BUS-IPN-01,5.50,2026-05-02 14:02:45,IPN
100168,1002,BUS-TEC-02,6.00,2026-05-02 14:03:53,TEC DE MONTERREY
101395,1002,BUS-TEC-01,6.00,2026-05-02 14:04:41,TEC DE MONTERREY
100548,1001,BUS-BUAP-02,5.00,2026-05-02 14:13:35,BUAP
100850,1004,BUS-TEC-01,10.00,2026-05-02 14:13:36,NINGUNA
101364,1001,BUS-BUAP-02,5.00,2026-05-02 14:21:25,BUAP
101310,1003,BUS-IPN-02,5.50,2026-05-02 14:21:57,IPN
100081,1003,BUS-IPN-01,5.50,2026-05-02 14:32:21,IPN
101147,1002,BUS-TEC-02,6.00,2026-05-02 16:57:51,TEC DE MONTERREY
100281,1004,BUS-BUAP-02,10.00,2026-05-02 18:11:55,NINGUNA
100375,1004,BUS-BUAP-02,10.00,2026-05-02 18:15:02,NINGUNA
100113,1002,BUS-TEC-01,6.00,2026-05-02 18:32:56,TEC DE MONTERREY
101396,1002,BUS-TEC-01,6.00,2026-05-02 19:33:59,TEC DE MONTERREY
100342,1004,BUS-BUAP-02,10.00,2026-05-02 20:26:05,NINGUNA
100276,1004,BUS-BUAP-01,10.00,2026-05-03 06:04:39,NINGUNA
100368,1001,BUS-BUAP-02,5.00,2026-05-03 07:15:14,BUAP
101120,1001,BUS-BUAP-01,5.00,2026-05-03 07:17:34,BUAP
101259,1003,BUS-IPN-02,5.50,2026-05-03 07:27:51,IPN
100554,1001,BUS-BUAP-02,5.00,2026-05-03 07:59:22,BUAP
101498,1001,BUS-BUAP-02,5.00,2026-05-03 08:02:49,BUAP
100863,1003,BUS-IPN-01,5.50,2026-05-03 08:13:50,IPN
100486,1001,BUS-BUAP-02,5.00,2026-05-03 08:18:34,BUAP
100120,1004,BUS-BUAP-02,10.00,2026-05-03 08:20:35,NINGUNA
101118,1001,BUS-BUAP-01,5.00,2026-05-03 08:25:53,BUAP
101015,1004,BUS-IPN-01,10.00,2026-05-03 08:27:18,NINGUNA
101196,1002,BUS-TEC-02,6.00,2026-05-03 08:39:08,TEC DE MONTERREY
100631,1001,BUS-BUAP-02,5.00,2026-05-03 08:48:19,BUAP
100780,1004,BUS-IPN-01,10.00,2026-05-03 12:24:05,NINGUNA
100703,1003,BUS-IPN-01,5.50,2026-05-03 12:38:52,IPN
100625,1004,BUS-IPN-02,10.00,2026-05-03 13:12:56,NINGUNA
101389,1004,BUS-IPN-01,10.00,2026-05-03 13:24:28,NINGUNA
101018,1003,BUS-IPN-01,5.50,2026-05-03 13:42:10,IPN
100382,1001,BUS-BUAP-02,5.00,2026-05-03 14:08:54,BUAP
100299,1004,BUS-IPN-02,10.00,2026-05-03 14:12:07,NINGUNA
100007,1001,BUS-BUAP-02,5.00,2026-05-03 14:14:40,BUAP
101174,1001,BUS-BUAP-02,5.00,2026-05-03 14:31:14,BUAP
100865,1003,BUS-IPN-01,5.50,2026-05-03 14:33:54,IPN
100845,1001,BUS-BUAP-02,5.00,2026-05-03 14:34:15,BUAP
100301,1004,BUS-IPN-02,10.00,2026-05-03 14:34:59,NINGUNA
100931,1002,BUS-TEC-02,6.00,2026-05-03 14:50:32,TEC DE MONTERREY
100506,1003,BUS-IPN-01,5.50,2026-05-03 18:47:13,IPN
101349,1002,BUS-TEC-02,6.00,2026-05-03 18:59:36,TEC DE MONTERREY
101374,1003,BUS-IPN-01,5.50,2026-05-03 19:16:30,IPN
101415,1001,BUS-BUAP-01,5.00,2026-05-03 19:21:11,BUAP
100749,1001,BUS-BUAP-01,5.00,2026-05-03 19:37:01,BUAP
100242,1002,BUS-TEC-02,6.00,2026-05-03 19:39:01,TEC DE MONTERREY
101175,1002,BUS-TEC-01,6.00,2026-05-04 06:02:57,TEC DE MONTERREY
100926,1001,BUS-BUAP-01,5.00,2026-05-04 07:00:16,BUAP
100197,1003,BUS-IPN-02,5.50,2026-05-04 07:04:38,IPN
100039,1001,BUS-BUAP-01,5.00,2026-05-04 07:06:50,BUAP
100080,1002,BUS-TEC-01,6.00,2026-05-04 07:09:02,TEC DE MONTERREY
100268,1001,BUS-BUAP-02,5.00,2026-05-04 07:28:43,BUAP
100099,1002,BUS-TEC-01,6.00,2026-05-04 07:30:22,TEC DE MONTERREY
100853,1004,BUS-TEC-02,10.00,2026-05-04 07:30:30,NINGUNA
101313,1003,BUS-IPN-01,5.50,2026-05-04 07:35:58,IPN
101482,1001,BUS-BUAP-01,5.00,2026-05-04 07:55:14,BUAP
100380,1002,BUS-TEC-01,6.00,2026-05-04 07:59:02,TEC DE MONTERREY
100065,1002,BUS-TEC-02,6.00,2026-05-04 08:09:56,TEC DE MONTERREY
101169,1003,BUS-IPN-01,5.50,2026-05-04 08:19:37,IPN
101090,1002,BUS-TEC-01,6.00,2026-05-04 08:36:07,TEC DE MONTERREY
101442,1003,BUS-IPN-01,5.50,2026-05-04 08:37:32,IPN
101256,1003,BUS-IPN-01,5.50,2026-05-04 08:38:37,IPN
101451,1003,BUS-IPN-02,5.50,2026-05-04 08:40:16,IPN
101484,1004,BUS-BUAP-02,10.00,2026-05-04 08:44:41,NINGUNA
100474,1001,BUS-BUAP-02,5.00,2026-05-04 08:44:51,BUAP
101033,1003,BUS-IPN-01,5.50,2026-05-04 08:48:39,IPN
100456,1002,BUS-TEC-02,6.00,2026-05-04 13:00:17,TEC DE MONTERREY
100713,1001,BUS-BUAP-01,5.00,2026-05-04 13:05:39,BUAP
100085,1001,BUS-BUAP-01,5.00,2026-05-04 13:12:35,BUAP
100308,1003,BUS-IPN-01,5.50,2026-05-04 13:13:34,IPN
100223,1002,BUS-TEC-01,6.00,2026-05-04 13:24:06,TEC DE MONTERREY
100097,1003,BUS-IPN-02,5.50,2026-05-04 13:31:08,IPN
100851,1003,BUS-IPN-01,5.50,2026-05-04 14:00:28,IPN
100813,1002,BUS-TEC-02,6.00,2026-05-04 14:01:12,TEC DE MONTERREY
100762,1001,BUS-BUAP-01,5.00,2026-05-04 14:13:34,BUAP
101243,1002,BUS-TEC-02,6.00,2026-05-04 14:14:39,TEC DE MONTERREY
101329,1002,BUS-TEC-01,6.00,2026-05-04 14:44:49,TEC DE MONTERREY
100057,1003,BUS-IPN-01,5.50,2026-05-04 14:45:44,IPN
100534,1003,BUS-IPN-01,5.50,2026-05-04 17:35:50,IPN
100432,1001,BUS-BUAP-01,5.00,2026-05-04 18:33:36,BUAP
100181,1001,BUS-BUAP-02,5.00,2026-05-04 18:39:05,BUAP
100604,1001,BUS-BUAP-01,5.00,2026-05-04 18:40:59,BUAP
100854,1004,BUS-BUAP-02,10.00,2026-05-04 19:22:48,NINGUNA
100450,1002,BUS-TEC-02,6.00,2026-05-04 19:42:56,TEC DE MONTERREY
101248,1001,BUS-BUAP-02,5.00,2026-05-05 06:56:12,BUAP
100880,1002,BUS-TEC-02,6.00,2026-05-05 06:58:09,TEC DE MONTERREY
100794,1001,BUS-BUAP-01,5.00,2026-05-05 07:15:07,BUAP
100171,1001,BUS-BUAP-02,5.00,2026-05-05 07:24:44,BUAP
100229,1002,BUS-TEC-02,6.00,2026-05-05 07:26:16,TEC DE MONTERREY
100508,1001,BUS-BUAP-01,5.00,2026-05-05 07:30:31,BUAP
101423,1001,BUS-BUAP-02,5.00,2026-05-05 07:37:19,BUAP
100574,1002,BUS-TEC-02,6.00,2026-05-05 08:01:08,TEC DE MONTERREY
101045,1002,BUS-TEC-02,6.00,2026-05-05 08:02:52,TEC DE MONTERREY
100448,1003,BUS-IPN-02,5.50,2026-05-05 08:03:17,IPN
101321,1001,BUS-BUAP-01,5.00,2026-05-05 08:09:09,BUAP
101029,1003,BUS-IPN-01,5.50,2026-05-05 08:17:01,IPN
100829,1002,BUS-TEC-02,6.00,2026-05-05 08:24:12,TEC DE MONTERREY
100953,1003,BUS-IPN-02,5.50,2026-05-05 08:24:39,IPN
100401,1001,BUS-BUAP-02,5.00,2026-05-05 08:31:16,BUAP
101112,1003,BUS-IPN-02,5.50,2026-05-05 08:47:38,IPN
101128,1001,BUS-BUAP-02,5.00,2026-05-05 11:17:41,BUAP
101156,1004,BUS-BUAP-02,10.00,2026-05-05 13:41:10,NINGUNA
100718,1002,BUS-TEC-01,6.00,2026-05-05 13:46:39,TEC DE MONTERREY
100490,1002,BUS-TEC-01,6.00,2026-05-05 14:05:13,TEC DE MONTERREY
101466,1001,BUS-BUAP-02,5.00,2026-05-05 14:13:08,BUAP
101288,1004,BUS-BUAP-02,10.00,2026-05-05 14:56:53,NINGUNA
100682,1004,BUS-BUAP-02,10.00,2026-05-05 16:36:56,NINGUNA
101085,1003,BUS-IPN-01,5.50,2026-05-05 16:43:29,IPN
101351,1002,BUS-TEC-01,6.00,2026-05-05 19:53:09,TEC DE MONTERREY
100001,1003,BUS-IPN-01,5.50,2026-05-06 07:01:26,IPN
100873,1002,BUS-TEC-01,6.00,2026-05-06 07:16:23,TEC DE MONTERREY
101480,1003,BUS-IPN-01,5.50,2026-05-06 07:18:41,IPN
101144,1001,BUS-BUAP-01,5.00,2026-05-06 07:32:03,BUAP
100384,1002,BUS-TEC-02,6.00,2026-05-06 07:44:07,TEC DE MONTERREY
100078,1004,BUS-BUAP-02,10.00,2026-05-06 08:18:15,NINGUNA
101238,1001,BUS-BUAP-02,5.00,2026-05-06 08:31:10,BUAP
100674,1003,BUS-IPN-01,5.50,2026-05-06 08:35:06,IPN
100524,1002,BUS-TEC-01,6.00,2026-05-06 08:43:54,TEC DE MONTERREY
100557,1003,BUS-IPN-01,5.50,2026-05-06 08:45:35,IPN
101003,1002,BUS-TEC-02,6.00,2026-05-06 08:54:06,TEC DE MONTERREY
100213,1003,BUS-IPN-02,5.50,2026-05-06 08:56:48,IPN
100067,1002,BUS-TEC-02,6.00,2026-05-06 08:57:42,TEC DE MONTERREY
100542,1001,BUS-BUAP-01,5.00,2026-05-06 13:03:05,BUAP
100430,1001,BUS-BUAP-02,5.00,2026-05-06 13:15:27,BUAP
101203,1003,BUS-IPN-02,5.50,2026-05-06 14:35:37,IPN
100761,1001,BUS-BUAP-01,5.00,2026-05-06 14:39:00,BUAP
100844,1001,BUS-BUAP-01,5.00,2026-05-06 14:54:42,BUAP
100986,1001,BUS-BUAP-02,5.00,2026-05-06 17:01:41,BUAP
101170,1001,BUS-BUAP-02,5.00,2026-05-06 17:39:38,BUAP
100271,1002,BUS-TEC-02,6.00,2026-05-06 18:23:46,TEC DE MONTERREY
100264,1002,BUS-TEC-01,6.00,2026-05-06 19:07:32,TEC DE MONTERREY
101136,1002,BUS-TEC-01,6.00,2026-05-07 07:00:45,TEC DE MONTERREY
100418,1002,BUS-TEC-01,6.00,2026-05-07 07:26:48,TEC DE MONTERREY
101110,1001,BUS-BUAP-01,5.00,2026-05-07 07:30:29,BUAP
100902,1001,BUS-BUAP-02,5.00,2026-05-07 07:37:48,BUAP
101032,1002,BUS-TEC-01,6.00,2026-05-07 07:40:43,TEC DE MONTERREY
101401,1001,BUS-BUAP-02,5.00,2026-05-07 07:56:33,BUAP
100891,1002,BUS-TEC-01,6.00,2026-05-07 08:05:14,TEC DE MONTERREY
101022,1003,BUS-IPN-02,5.50,2026-05-07 08:07:43,IPN
100370,1003,BUS-IPN-01,5.50,2026-05-07 08:14:07,IPN
101412,1002,BUS-TEC-01,6.00,2026-05-07 08:16:47,TEC DE MONTERREY
101380,1001,BUS-BUAP-02,5.00,2026-05-07 08:19:37,BUAP
100570,1004,BUS-TEC-01,10.00,2026-05-07 08:21:01,NINGUNA
100410,1002,BUS-TEC-02,6.00,2026-05-07 08:23:20,TEC DE MONTERREY
100386,1003,BUS-IPN-01,5.50,2026-05-07 08:29:32,IPN
101348,1002,BUS-TEC-01,6.00,2026-05-07 08:29:45,TEC DE MONTERREY
100885,1002,BUS-TEC-01,6.00,2026-05-07 08:42:03,TEC DE MONTERREY
100797,1002,BUS-TEC-01,6.00,2026-05-07 13:18:50,TEC DE MONTERREY
100975,1002,BUS-TEC-01,6.00,2026-05-07 13:27:19,TEC DE MONTERREY
100599,1002,BUS-TEC-01,6.00,2026-05-07 13:31:19,TEC DE MONTERREY
101153,1003,BUS-IPN-01,5.50,2026-05-07 13:38:13,IPN
100135,1001,BUS-BUAP-02,5.00,2026-05-07 14:05:52,BUAP
100027,1002,BUS-TEC-01,6.00,2026-05-07 14:26:21,TEC DE MONTERREY
101279,1003,BUS-IPN-01,5.50,2026-05-07 14:58:38,IPN
100759,1002,BUS-TEC-01,6.00,2026-05-07 18:39:41,TEC DE MONTERREY
100307,1004,BUS-TEC-01,10.00,2026-05-08 07:09:42,NINGUNA
101418,1003,BUS-IPN-01,5.50,2026-05-08 07:15:36,IPN
100079,1001,BUS-BUAP-01,5.00,2026-05-08 07:17:07,BUAP
100322,1003,BUS-IPN-02,5.50,2026-05-08 07:31:30,IPN
100048,1003,BUS-IPN-01,5.50,2026-05-08 07:40:18,IPN
101245,1002,BUS-TEC-01,6.00,2026-05-08 07:47:12,TEC DE MONTERREY
101299,1001,BUS-BUAP-01,5.00,2026-05-08 07:53:21,BUAP
100864,1002,BUS-TEC-02,6.00,2026-05-08 07:57:41,TEC DE MONTERREY
100959,1003,BUS-IPN-02,5.50,2026-05-08 08:11:45,IPN
100098,1004,BUS-TEC-02,10.00,2026-05-08 08:20:02,NINGUNA
100429,1002,BUS-TEC-02,6.00,2026-05-08 08:53:30,TEC DE MONTERREY
100916,1004,BUS-IPN-02,10.00,2026-05-08 11:48:02,NINGUNA
100772,1003,BUS-IPN-02,5.50,2026-05-08 13:52:57,IPN
101048,1003,BUS-IPN-02,5.50,2026-05-08 14:18:50,IPN
101403,1002,BUS-TEC-01,6.00,2026-05-08 14:18:55,TEC DE MONTERREY
100633,1004,BUS-TEC-01,10.00,2026-05-08 14:35:28,NINGUNA
100620,1001,BUS-BUAP-01,5.00,2026-05-08 14:35:48,BUAP
100212,1002,BUS-TEC-02,6.00,2026-05-08 14:55:47,TEC DE MONTERREY
100803,1004,BUS-BUAP-01,10.00,2026-05-08 14:57:11,NINGUNA
100613,1003,BUS-IPN-01,5.50,2026-05-08 14:59:21,IPN
101478,1001,BUS-BUAP-02,5.00,2026-05-08 18:07:05,BUAP
100629,1004,BUS-TEC-01,10.00,2026-05-08 18:27:19,NINGUNA
100331,1003,BUS-IPN-01,5.50,2026-05-08 18:38:31,IPN
100855,1004,BUS-TEC-02,10.00,2026-05-09 07:06:06,NINGUNA
100698,1004,BUS-IPN-02,10.00,2026-05-09 07:24:09,NINGUNA
100889,1001,BUS-BUAP-02,5.00,2026-05-09 07:53:01,BUAP
100433,1002,BUS-TEC-02,6.00,2026-05-09 08:21:34,TEC DE MONTERREY
100280,1004,BUS-BUAP-01,10.00,2026-05-09 08:23:10,NINGUNA
100073,1004,BUS-TEC-01,10.00,2026-05-09 08:27:15,NINGUNA
100773,1004,BUS-IPN-02,10.00,2026-05-09 08:39:48,NINGUNA
100044,1004,BUS-IPN-02,10.00,2026-05-09 10:13:53,NINGUNA
100507,1004,BUS-BUAP-01,10.00,2026-05-09 13:03:05,NINGUNA
100273,1002,BUS-TEC-01,6.00,2026-05-09 13:32:06,TEC DE MONTERREY
100679,1002,BUS-TEC-01,6.00,2026-05-09 13:32:07,TEC DE MONTERREY
100355,1003,BUS-IPN-02,5.50,2026-05-09 13:39:26,IPN
100185,1001,BUS-BUAP-02,5.00,2026-05-09 13:40:46,BUAP
101308,1002,BUS-TEC-02,6.00,2026-05-09 13:53:46,TEC DE MONTERREY
100482,1003,BUS-IPN-01,5.50,2026-05-09 14:18:48,IPN
101264,1001,BUS-BUAP-01,5.00,2026-05-09 14:34:45,BUAP
101347,1003,BUS-IPN-02,5.50,2026-05-09 14:51:01,IPN
101008,1004,BUS-IPN-02,10.00,2026-05-09 15:54:47,NINGUNA
100784,1001,BUS-BUAP-01,5.00,2026-05-09 18:12:09,BUAP
100487,1003,BUS-IPN-02,5.50,2026-05-09 18:29:48,IPN
101367,1001,BUS-BUAP-01,5.00,2026-05-09 19:42:54,BUAP
101467,1002,BUS-TEC-01,6.00,2026-05-10 07:05:00,TEC DE MONTERREY
101392,1001,BUS-BUAP-01,5.00,2026-05-10 07:10:25,BUAP
101324,1004,BUS-TEC-01,10.00,2026-05-10 07:16:05,NINGUNA
100425,1001,BUS-BUAP-02,5.00,2026-05-10 07:27:42,BUAP
100346,1003,BUS-IPN-01,5.50,2026-05-10 07:33:26,IPN
101346,1003,BUS-IPN-02,5.50,2026-05-10 07:47:11,IPN
100735,1001,BUS-BUAP-01,5.00,2026-05-10 08:05:50,BUAP
101378,1003,BUS-IPN-01,5.50,2026-05-10 08:08:00,IPN
101102,1001,BUS-BUAP-01,5.00,2026-05-10 08:11:53,BUAP
100922,1002,BUS-TEC-01,6.00,2026-05-10 08:13:47,TEC DE MONTERREY
100549,1004,BUS-IPN-01,10.00,2026-05-10 08:17:58,NINGUNA
101435,1002,BUS-TEC-01,6.00,2026-05-10 08:27:24,TEC DE MONTERREY
101105,1001,BUS-BUAP-01,5.00,2026-05-10 08:47:45,BUAP
101025,1003,BUS-IPN-01,5.50,2026-05-10 08:52:37,IPN
100008,1001,BUS-BUAP-02,5.00,2026-05-10 08:56:05,BUAP
100675,1004,BUS-BUAP-01,10.00,2026-05-10 10:01:18,NINGUNA
100191,1001,BUS-BUAP-02,5.00,2026-05-10 13:09:05,BUAP
101420,1002,BUS-TEC-01,6.00,2026-05-10 13:12:26,TEC DE MONTERREY
100666,1001,BUS-BUAP-02,5.00,2026-05-10 13:38:16,BUAP
101132,1001,BUS-BUAP-01,5.00,2026-05-10 13:54:09,BUAP
100464,1001,BUS-BUAP-02,5.00,2026-05-10 14:05:47,BUAP
100145,1002,BUS-TEC-01,6.00,2026-05-10 14:12:35,TEC DE MONTERREY
101350,1002,BUS-TEC-01,6.00,2026-05-10 14:52:05,TEC DE MONTERREY
100257,1001,BUS-BUAP-02,5.00,2026-05-10 14:52:48,BUAP
100089,1003,BUS-IPN-01,5.50,2026-05-10 14:53:44,IPN
101012,1003,BUS-IPN-02,5.50,2026-05-10 18:08:37,IPN
101430,1004,BUS-IPN-01,10.00,2026-05-10 21:20:42,NINGUNA
101257,1002,BUS-TEC-02,6.00,2026-05-11 07:14:56,TEC DE MONTERREY
100769,1004,BUS-TEC-02,10.00,2026-05-11 07:18:37,NINGUNA
100869,1002,BUS-TEC-02,6.00,2026-05-11 07:24:09,TEC DE MONTERREY
100378,1003,BUS-IPN-02,5.50,2026-05-11 07:27:36,IPN
101194,1002,BUS-TEC-01,6.00,2026-05-11 08:07:09,TEC DE MONTERREY
100801,1004,BUS-TEC-02,10.00,2026-05-11 08:07:37,NINGUNA
100020,1002,BUS-TEC-01,6.00,2026-05-11 08:29:30,TEC DE MONTERREY
101298,1002,BUS-TEC-01,6.00,2026-05-11 08:33:46,TEC DE MONTERREY
100819,1002,BUS-TEC-02,6.00,2026-05-11 08:51:20,TEC DE MONTERREY
100965,1002,BUS-TEC-01,6.00,2026-05-11 08:51:26,TEC DE MONTERREY
100144,1004,BUS-TEC-02,10.00,2026-05-11 13:19:51,NINGUNA
100771,1003,BUS-IPN-01,5.50,2026-05-11 13:40:47,IPN
100639,1003,BUS-IPN-01,5.50,2026-05-11 13:41:16,IPN
100661,1003,BUS-IPN-02,5.50,2026-05-11 13:42:07,IPN
101262,1004,BUS-IPN-01,10.00,2026-05-11 13:53:54,NINGUNA
100055,1001,BUS-BUAP-01,5.00,2026-05-11 14:24:03,BUAP
100009,1003,BUS-IPN-01,5.50,2026-05-11 14:42:37,IPN
100911,1001,BUS-BUAP-02,5.00,2026-05-11 21:15:50,BUAP
100776,1001,BUS-BUAP-02,5.00,2026-05-12 07:03:10,BUAP
100182,1003,BUS-IPN-02,5.50,2026-05-12 07:10:04,IPN
100936,1002,BUS-TEC-02,6.00,2026-05-12 07:20:18,TEC DE MONTERREY
100658,1001,BUS-BUAP-01,5.00,2026-05-12 07:20:32,BUAP
100782,1003,BUS-IPN-02,5.50,2026-05-12 07:24:08,IPN
100250,1004,BUS-IPN-01,10.00,2026-05-12 07:52:33,NINGUNA
100662,1001,BUS-BUAP-02,5.00,2026-05-12 07:59:33,BUAP
100070,1002,BUS-TEC-02,6.00,2026-05-12 08:10:31,TEC DE MONTERREY
100074,1003,BUS-IPN-02,5.50,2026-05-12 11:33:03,IPN
100752,1003,BUS-IPN-02,5.50,2026-05-12 11:56:53,IPN
101115,1001,BUS-BUAP-02,5.00,2026-05-12 12:21:16,BUAP
101402,1002,BUS-TEC-02,6.00,2026-05-12 13:16:34,TEC DE MONTERREY
100528,1003,BUS-IPN-01,5.50,2026-05-12 13:24:22,IPN
100399,1002,BUS-TEC-01,6.00,2026-05-12 13:33:25,TEC DE MONTERREY
100583,1003,BUS-IPN-02,5.50,2026-05-12 13:54:20,IPN
100443,1002,BUS-TEC-02,6.00,2026-05-12 13:56:39,TEC DE MONTERREY
101296,1002,BUS-TEC-02,6.00,2026-05-12 14:03:08,TEC DE MONTERREY
100886,1002,BUS-TEC-02,6.00,2026-05-12 14:04:03,TEC DE MONTERREY
100732,1002,BUS-TEC-02,6.00,2026-05-12 14:12:40,TEC DE MONTERREY
100526,1004,BUS-BUAP-01,10.00,2026-05-12 14:26:18,NINGUNA
101278,1004,BUS-TEC-01,10.00,2026-05-12 14:30:46,NINGUNA
100948,1003,BUS-IPN-02,5.50,2026-05-12 14:37:31,IPN
100783,1003,BUS-IPN-01,5.50,2026-05-12 18:11:01,IPN
100294,1003,BUS-IPN-02,5.50,2026-05-12 18:34:33,IPN
100928,1003,BUS-IPN-02,5.50,2026-05-12 18:53:28,IPN
100660,1003,BUS-IPN-02,5.50,2026-05-12 19:42:02,IPN
100641,1003,BUS-IPN-01,5.50,2026-05-13 07:18:31,IPN
100107,1002,BUS-TEC-02,6.00,2026-05-13 07:33:12,TEC DE MONTERREY
101304,1001,BUS-BUAP-01,5.00,2026-05-13 07:38:01,BUAP
100737,1004,BUS-BUAP-02,10.00,2026-05-13 08:11:18,NINGUNA
100046,1002,BUS-TEC-01,6.00,2026-05-13 08:29:05,TEC DE MONTERREY
100681,1003,BUS-IPN-01,5.50,2026-05-13 08:37:43,IPN
100021,1003,BUS-IPN-02,5.50,2026-05-13 08:58:26,IPN
101386,1001,BUS-BUAP-01,5.00,2026-05-13 08:58:42,BUAP
100128,1004,BUS-IPN-02,10.00,2026-05-13 12:22:58,NINGUNA
100870,1003,BUS-IPN-01,5.50,2026-05-13 13:02:03,IPN
100992,1001,BUS-BUAP-01,5.00,2026-05-13 13:06:28,BUAP
100816,1003,BUS-IPN-02,5.50,2026-05-13 13:49:28,IPN
101342,1002,BUS-TEC-02,6.00,2026-05-13 14:26:50,TEC DE MONTERREY
100934,1001,BUS-BUAP-01,5.00,2026-05-13 14:35:55,BUAP
101311,1002,BUS-TEC-01,6.00,2026-05-13 14:45:54,TEC DE MONTERREY
100800,1002,BUS-TEC-01,6.00,2026-05-13 14:54:27,TEC DE MONTERREY
100977,1003,BUS-IPN-01,5.50,2026-05-13 14:56:33,IPN
100792,1003,BUS-IPN-01,5.50,2026-05-13 18:14:06,IPN
100194,1002,BUS-TEC-01,6.00,2026-05-13 18:32:22,TEC DE MONTERREY
100122,1004,BUS-IPN-01,10.00,2026-05-13 18:41:36,NINGUNA
101333,1004,BUS-IPN-01,10.00,2026-05-13 18:47:53,NINGUNA
100373,1002,BUS-TEC-02,6.00,2026-05-13 19:38:05,TEC DE MONTERREY
100258,1001,BUS-BUAP-02,5.00,2026-05-14 07:05:52,BUAP
100415,1003,BUS-IPN-01,5.50,2026-05-14 07:24:59,IPN
100192,1004,BUS-TEC-02,10.00,2026-05-14 07:27:20,NINGUNA
100356,1004,BUS-BUAP-02,10.00,2026-05-14 07:28:27,NINGUNA
100576,1002,BUS-TEC-01,6.00,2026-05-14 07:36:57,TEC DE MONTERREY
101052,1004,BUS-IPN-01,10.00,2026-05-14 07:37:39,NINGUNA
100137,1003,BUS-IPN-02,5.50,2026-05-14 07:47:58,IPN
100860,1001,BUS-BUAP-01,5.00,2026-05-14 08:00:08,BUAP
100644,1004,BUS-IPN-02,10.00,2026-05-14 08:26:25,NINGUNA
100547,1002,BUS-TEC-02,6.00,2026-05-14 08:43:41,TEC DE MONTERREY
100733,1001,BUS-BUAP-02,5.00,2026-05-14 08:44:56,BUAP
100114,1004,BUS-IPN-01,10.00,2026-05-14 08:49:20,NINGUNA
101285,1001,BUS-BUAP-01,5.00,2026-05-14 08:51:20,BUAP
101053,1004,BUS-IPN-01,10.00,2026-05-14 13:16:23,NINGUNA
101247,1004,BUS-BUAP-02,10.00,2026-05-14 13:17:02,NINGUNA
101462,1001,BUS-BUAP-02,5.00,2026-05-14 13:27:04,BUAP
100253,1003,BUS-IPN-02,5.50,2026-05-14 13:31:28,IPN
101171,1004,BUS-TEC-01,10.00,2026-05-14 13:40:44,NINGUNA
101327,1001,BUS-BUAP-02,5.00,2026-05-14 13:58:58,BUAP
100004,1001,BUS-BUAP-01,5.00,2026-05-14 14:00:38,BUAP
101233,1002,BUS-TEC-01,6.00,2026-05-14 14:02:38,TEC DE MONTERREY
100958,1004,BUS-TEC-01,10.00,2026-05-14 14:13:20,NINGUNA
100646,1001,BUS-BUAP-01,5.00,2026-05-14 15:22:59,BUAP
100337,1004,BUS-TEC-01,10.00,2026-05-14 16:43:47,NINGUNA
100463,1002,BUS-TEC-01,6.00,2026-05-14 18:10:00,TEC DE MONTERREY
101387,1003,BUS-IPN-01,5.50,2026-05-14 18:16:30,IPN
100623,1001,BUS-BUAP-02,5.00,2026-05-14 18:24:42,BUAP
101232,1003,BUS-IPN-01,5.50,2026-05-14 18:54:47,IPN
100112,1003,BUS-IPN-02,5.50,2026-05-15 07:10:13,IPN
101193,1004,BUS-TEC-02,10.00,2026-05-15 07:16:27,NINGUNA
100214,1002,BUS-TEC-01,6.00,2026-05-15 07:22:47,TEC DE MONTERREY
100532,1004,BUS-IPN-02,10.00,2026-05-15 07:31:44,NINGUNA
101190,1002,BUS-TEC-01,6.00,2026-05-15 07:38:23,TEC DE MONTERREY
100123,1004,BUS-IPN-01,10.00,2026-05-15 07:42:50,NINGUNA
101218,1003,BUS-IPN-02,5.50,2026-05-15 08:07:33,IPN
101083,1001,BUS-BUAP-01,5.00,2026-05-15 08:21:24,BUAP
100062,1002,BUS-TEC-02,6.00,2026-05-15 08:22:25,TEC DE MONTERREY
101496,1004,BUS-BUAP-01,10.00,2026-05-15 08:36:59,NINGUNA
100419,1001,BUS-BUAP-01,5.00,2026-05-15 08:46:22,BUAP
100180,1002,BUS-TEC-01,6.00,2026-05-15 08:49:22,TEC DE MONTERREY
100942,1004,BUS-TEC-01,10.00,2026-05-15 08:59:51,NINGUNA
100785,1004,BUS-BUAP-02,10.00,2026-05-15 13:07:32,NINGUNA
100799,1002,BUS-TEC-01,6.00,2026-05-15 13:39:16,TEC DE MONTERREY
100691,1003,BUS-IPN-01,5.50,2026-05-15 14:05:31,IPN
101124,1001,BUS-BUAP-01,5.00,2026-05-15 14:20:55,BUAP
100831,1003,BUS-IPN-02,5.50,2026-05-15 14:21:32,IPN
100282,1003,BUS-IPN-01,5.50,2026-05-15 14:45:36,IPN
100449,1003,BUS-IPN-01,5.50,2026-05-15 18:17:10,IPN
100109,1002,BUS-TEC-01,6.00,2026-05-15 18:59:16,TEC DE MONTERREY
100240,1001,BUS-BUAP-01,5.00,2026-05-15 19:09:37,BUAP
101325,1004,BUS-IPN-02,10.00,2026-05-16 07:03:40,NINGUNA
100460,1003,BUS-IPN-01,5.50,2026-05-16 07:12:24,IPN
100515,1004,BUS-BUAP-02,10.00,2026-05-16 07:22:06,NINGUNA
100618,1004,BUS-IPN-02,10.00,2026-05-16 07:33:14,NINGUNA
100402,1001,BUS-BUAP-01,5.00,2026-05-16 07:41:21,BUAP
100203,1002,BUS-TEC-01,6.00,2026-05-16 07:42:45,TEC DE MONTERREY
100230,1003,BUS-IPN-02,5.50,2026-05-16 07:44:34,IPN
101074,1003,BUS-IPN-02,5.50,2026-05-16 07:55:48,IPN
101131,1003,BUS-IPN-02,5.50,2026-05-16 08:15:22,IPN
101235,1001,BUS-BUAP-01,5.00,2026-05-16 08:38:34,BUAP
101216,1003,BUS-IPN-01,5.50,2026-05-16 10:28:42,IPN
100589,1004,BUS-BUAP-02,10.00,2026-05-16 13:04:32,NINGUNA
100153,1002,BUS-TEC-02,6.00,2026-05-16 13:21:56,TEC DE MONTERREY
100642,1002,BUS-TEC-01,6.00,2026-05-16 13:43:50,TEC DE MONTERREY
101281,1004,BUS-BUAP-02,10.00,2026-05-16 13:45:03,NINGUNA
101142,1004,BUS-BUAP-02,10.00,2026-05-16 14:09:35,NINGUNA
100388,1002,BUS-TEC-01,6.00,2026-05-16 14:31:16,TEC DE MONTERREY
100365,1001,BUS-BUAP-02,5.00,2026-05-16 14:37:11,BUAP
100323,1001,BUS-BUAP-01,5.00,2026-05-16 17:44:22,BUAP
100314,1002,BUS-TEC-02,6.00,2026-05-16 18:57:42,TEC DE MONTERREY
100291,1001,BUS-BUAP-02,5.00,2026-05-16 19:27:04,BUAP
100018,1004,BUS-TEC-02,10.00,2026-05-16 21:36:27,NINGUNA
100318,1004,BUS-BUAP-02,10.00,2026-05-17 07:23:27,NINGUNA
100265,1001,BUS-BUAP-01,5.00,2026-05-17 07:26:55,BUAP
101154,1003,BUS-IPN-01,5.50,2026-05-17 07:42:17,IPN
100026,1002,BUS-TEC-01,6.00,2026-05-17 07:47:10,TEC DE MONTERREY
101123,1003,BUS-IPN-02,5.50,2026-05-17 08:07:27,IPN
100848,1004,BUS-BUAP-02,10.00,2026-05-17 08:08:40,NINGUNA
101344,1002,BUS-TEC-02,6.00,2026-05-17 08:14:04,TEC DE MONTERREY
100292,1001,BUS-BUAP-01,5.00,2026-05-17 08:19:40,BUAP
101226,1002,BUS-TEC-02,6.00,2026-05-17 08:32:25,TEC DE MONTERREY
100054,1004,BUS-TEC-02,10.00,2026-05-17 08:39:12,NINGUNA
100721,1001,BUS-BUAP-01,5.00,2026-05-17 13:04:16,BUAP
100208,1001,BUS-BUAP-01,5.00,2026-05-17 13:13:07,BUAP
101477,1001,BUS-BUAP-01,5.00,2026-05-17 13:57:44,BUAP
101146,1003,BUS-IPN-01,5.50,2026-05-17 16:18:21,IPN
100424,1002,BUS-TEC-02,6.00,2026-05-17 19:43:43,TEC DE MONTERREY
